<annotation>
	<folder>mask</folder>
	<filename>Mask190.jpg</filename>
	<path>/home/ashing/Data_Mask/mask/Mask190.jpg</path>
	<source>
		<database>Unknown</database>
	</source>
	<size>
		<width>620</width>
		<height>310</height>
		<depth>3</depth>
	</size>
	<segmented>0</segmented>
	<object>
		<name>Mask</name>
		<pose>Unspecified</pose>
		<truncated>0</truncated>
		<difficult>0</difficult>
		<bndbox>
			<xmin>87</xmin>
			<ymin>44</ymin>
			<xmax>273</xmax>
			<ymax>301</ymax>
		</bndbox>
	</object>
	<object>
		<name>Mask</name>
		<pose>Unspecified</pose>
		<truncated>0</truncated>
		<difficult>0</difficult>
		<bndbox>
			<xmin>489</xmin>
			<ymin>66</ymin>
			<xmax>567</xmax>
			<ymax>188</ymax>
		</bndbox>
	</object>
</annotation>
