<annotation>
	<folder>mask</folder>
	<filename>Mask243.jpg</filename>
	<path>/home/ashing/Data_Mask/mask/Mask243.jpg</path>
	<source>
		<database>Unknown</database>
	</source>
	<size>
		<width>1280</width>
		<height>720</height>
		<depth>3</depth>
	</size>
	<segmented>0</segmented>
	<object>
		<name>Mask</name>
		<pose>Unspecified</pose>
		<truncated>0</truncated>
		<difficult>0</difficult>
		<bndbox>
			<xmin>370</xmin>
			<ymin>109</ymin>
			<xmax>523</xmax>
			<ymax>359</ymax>
		</bndbox>
	</object>
</annotation>
