<annotation>
	<folder>mask</folder>
	<filename>Mask134.jpg</filename>
	<path>/home/ashing/Data_Mask/mask/Mask134.jpg</path>
	<source>
		<database>Unknown</database>
	</source>
	<size>
		<width>1478</width>
		<height>1108</height>
		<depth>3</depth>
	</size>
	<segmented>0</segmented>
	<object>
		<name>Mask</name>
		<pose>Unspecified</pose>
		<truncated>0</truncated>
		<difficult>0</difficult>
		<bndbox>
			<xmin>846</xmin>
			<ymin>110</ymin>
			<xmax>1187</xmax>
			<ymax>479</ymax>
		</bndbox>
	</object>
</annotation>
