<annotation>
	<folder>mask</folder>
	<filename>Mask118.jpg</filename>
	<path>/home/ashing/Data_Mask/mask/Mask118.jpg</path>
	<source>
		<database>Unknown</database>
	</source>
	<size>
		<width>320</width>
		<height>320</height>
		<depth>3</depth>
	</size>
	<segmented>0</segmented>
	<object>
		<name>Mask</name>
		<pose>Unspecified</pose>
		<truncated>0</truncated>
		<difficult>0</difficult>
		<bndbox>
			<xmin>33</xmin>
			<ymin>21</ymin>
			<xmax>77</xmax>
			<ymax>75</ymax>
		</bndbox>
	</object>
	<object>
		<name>Mask</name>
		<pose>Unspecified</pose>
		<truncated>0</truncated>
		<difficult>0</difficult>
		<bndbox>
			<xmin>150</xmin>
			<ymin>10</ymin>
			<xmax>202</xmax>
			<ymax>76</ymax>
		</bndbox>
	</object>
	<object>
		<name>Mask</name>
		<pose>Unspecified</pose>
		<truncated>0</truncated>
		<difficult>0</difficult>
		<bndbox>
			<xmin>242</xmin>
			<ymin>16</ymin>
			<xmax>286</xmax>
			<ymax>72</ymax>
		</bndbox>
	</object>
</annotation>
