<annotation>
	<folder>mask</folder>
	<filename>Mask055.jpg</filename>
	<path>/home/ashing/Data_Mask/mask/Mask055.jpg</path>
	<source>
		<database>Unknown</database>
	</source>
	<size>
		<width>1280</width>
		<height>853</height>
		<depth>3</depth>
	</size>
	<segmented>0</segmented>
	<object>
		<name>Mask</name>
		<pose>Unspecified</pose>
		<truncated>0</truncated>
		<difficult>0</difficult>
		<bndbox>
			<xmin>696</xmin>
			<ymin>273</ymin>
			<xmax>871</xmax>
			<ymax>483</ymax>
		</bndbox>
	</object>
	<object>
		<name>Mask</name>
		<pose>Unspecified</pose>
		<truncated>0</truncated>
		<difficult>0</difficult>
		<bndbox>
			<xmin>518</xmin>
			<ymin>422</ymin>
			<xmax>611</xmax>
			<ymax>590</ymax>
		</bndbox>
	</object>
</annotation>
