<annotation>
	<folder>mask</folder>
	<filename>Mask135.jpg</filename>
	<path>/home/ashing/Data_Mask/mask/Mask135.jpg</path>
	<source>
		<database>Unknown</database>
	</source>
	<size>
		<width>1024</width>
		<height>536</height>
		<depth>3</depth>
	</size>
	<segmented>0</segmented>
	<object>
		<name>Mask</name>
		<pose>Unspecified</pose>
		<truncated>0</truncated>
		<difficult>0</difficult>
		<bndbox>
			<xmin>638</xmin>
			<ymin>126</ymin>
			<xmax>914</xmax>
			<ymax>435</ymax>
		</bndbox>
	</object>
</annotation>
