<annotation>
	<folder>mask</folder>
	<filename>Mask265.jpg</filename>
	<path>/home/ashing/Data_Mask/mask/Mask265.jpg</path>
	<source>
		<database>Unknown</database>
	</source>
	<size>
		<width>1040</width>
		<height>1079</height>
		<depth>3</depth>
	</size>
	<segmented>0</segmented>
	<object>
		<name>Mask</name>
		<pose>Unspecified</pose>
		<truncated>0</truncated>
		<difficult>0</difficult>
		<bndbox>
			<xmin>666</xmin>
			<ymin>79</ymin>
			<xmax>793</xmax>
			<ymax>239</ymax>
		</bndbox>
	</object>
	<object>
		<name>Mask</name>
		<pose>Unspecified</pose>
		<truncated>0</truncated>
		<difficult>0</difficult>
		<bndbox>
			<xmin>734</xmin>
			<ymin>705</ymin>
			<xmax>824</xmax>
			<ymax>803</ymax>
		</bndbox>
	</object>
	<object>
		<name>Mask</name>
		<pose>Unspecified</pose>
		<truncated>0</truncated>
		<difficult>0</difficult>
		<bndbox>
			<xmin>192</xmin>
			<ymin>678</ymin>
			<xmax>289</xmax>
			<ymax>795</ymax>
		</bndbox>
	</object>
</annotation>
