<annotation>
	<folder>mask</folder>
	<filename>Mask307.jpg</filename>
	<path>/home/ashing/Data_Mask/mask/Mask307.jpg</path>
	<source>
		<database>Unknown</database>
	</source>
	<size>
		<width>494</width>
		<height>357</height>
		<depth>3</depth>
	</size>
	<segmented>0</segmented>
	<object>
		<name>Mask</name>
		<pose>Unspecified</pose>
		<truncated>0</truncated>
		<difficult>0</difficult>
		<bndbox>
			<xmin>154</xmin>
			<ymin>68</ymin>
			<xmax>353</xmax>
			<ymax>329</ymax>
		</bndbox>
	</object>
</annotation>
