<annotation>
	<folder>mask</folder>
	<filename>Mask258.jpg</filename>
	<path>/home/ashing/Data_Mask/mask/Mask258.jpg</path>
	<source>
		<database>Unknown</database>
	</source>
	<size>
		<width>445</width>
		<height>640</height>
		<depth>3</depth>
	</size>
	<segmented>0</segmented>
	<object>
		<name>Mask</name>
		<pose>Unspecified</pose>
		<truncated>0</truncated>
		<difficult>0</difficult>
		<bndbox>
			<xmin>21</xmin>
			<ymin>402</ymin>
			<xmax>188</xmax>
			<ymax>593</ymax>
		</bndbox>
	</object>
	<object>
		<name>Mask</name>
		<pose>Unspecified</pose>
		<truncated>0</truncated>
		<difficult>0</difficult>
		<bndbox>
			<xmin>260</xmin>
			<ymin>411</ymin>
			<xmax>407</xmax>
			<ymax>585</ymax>
		</bndbox>
	</object>
</annotation>
