<annotation>
	<folder>mask</folder>
	<filename>Mask033.jpg</filename>
	<path>/home/ashing/Data_Mask/mask/Mask033.jpg</path>
	<source>
		<database>Unknown</database>
	</source>
	<size>
		<width>610</width>
		<height>350</height>
		<depth>3</depth>
	</size>
	<segmented>0</segmented>
	<object>
		<name>Mask</name>
		<pose>Unspecified</pose>
		<truncated>0</truncated>
		<difficult>0</difficult>
		<bndbox>
			<xmin>221</xmin>
			<ymin>111</ymin>
			<xmax>308</xmax>
			<ymax>224</ymax>
		</bndbox>
	</object>
	<object>
		<name>No_Mask</name>
		<pose>Unspecified</pose>
		<truncated>0</truncated>
		<difficult>0</difficult>
		<bndbox>
			<xmin>484</xmin>
			<ymin>70</ymin>
			<xmax>534</xmax>
			<ymax>125</ymax>
		</bndbox>
	</object>
</annotation>
