<annotation>
	<folder>mask</folder>
	<filename>Mask306.jpg</filename>
	<path>/home/ashing/Data_Mask/mask/Mask306.jpg</path>
	<source>
		<database>Unknown</database>
	</source>
	<size>
		<width>500</width>
		<height>375</height>
		<depth>3</depth>
	</size>
	<segmented>0</segmented>
	<object>
		<name>Mask</name>
		<pose>Unspecified</pose>
		<truncated>0</truncated>
		<difficult>0</difficult>
		<bndbox>
			<xmin>173</xmin>
			<ymin>115</ymin>
			<xmax>308</xmax>
			<ymax>275</ymax>
		</bndbox>
	</object>
</annotation>
