<annotation>
	<folder>mask</folder>
	<filename>Mask305.jpg</filename>
	<path>/home/ashing/Data_Mask/mask/Mask305.jpg</path>
	<source>
		<database>Unknown</database>
	</source>
	<size>
		<width>500</width>
		<height>332</height>
		<depth>3</depth>
	</size>
	<segmented>0</segmented>
	<object>
		<name>Mask</name>
		<pose>Unspecified</pose>
		<truncated>0</truncated>
		<difficult>0</difficult>
		<bndbox>
			<xmin>172</xmin>
			<ymin>66</ymin>
			<xmax>381</xmax>
			<ymax>305</ymax>
		</bndbox>
	</object>
</annotation>
