<annotation>
	<folder>mask</folder>
	<filename>Mask187.jpg</filename>
	<path>/home/ashing/Data_Mask/mask/Mask187.jpg</path>
	<source>
		<database>Unknown</database>
	</source>
	<size>
		<width>951</width>
		<height>951</height>
		<depth>3</depth>
	</size>
	<segmented>0</segmented>
	<object>
		<name>Mask</name>
		<pose>Unspecified</pose>
		<truncated>0</truncated>
		<difficult>0</difficult>
		<bndbox>
			<xmin>497</xmin>
			<ymin>261</ymin>
			<xmax>772</xmax>
			<ymax>608</ymax>
		</bndbox>
	</object>
</annotation>
