<annotation>
	<folder>mask</folder>
	<filename>Mask104.jpg</filename>
	<path>/home/ashing/Data_Mask/mask/Mask104.jpg</path>
	<source>
		<database>Unknown</database>
	</source>
	<size>
		<width>635</width>
		<height>590</height>
		<depth>3</depth>
	</size>
	<segmented>0</segmented>
	<object>
		<name>Mask</name>
		<pose>Unspecified</pose>
		<truncated>0</truncated>
		<difficult>0</difficult>
		<bndbox>
			<xmin>124</xmin>
			<ymin>180</ymin>
			<xmax>433</xmax>
			<ymax>478</ymax>
		</bndbox>
	</object>
</annotation>
