<annotation>
	<folder>mask</folder>
	<filename>Mask013.jpg</filename>
	<path>/home/ashing/Data_Mask/mask/Mask013.jpg</path>
	<source>
		<database>Unknown</database>
	</source>
	<size>
		<width>395</width>
		<height>211</height>
		<depth>3</depth>
	</size>
	<segmented>0</segmented>
	<object>
		<name>Mask</name>
		<pose>Unspecified</pose>
		<truncated>0</truncated>
		<difficult>0</difficult>
		<bndbox>
			<xmin>173</xmin>
			<ymin>41</ymin>
			<xmax>222</xmax>
			<ymax>98</ymax>
		</bndbox>
	</object>
</annotation>
