<annotation>
	<folder>mask</folder>
	<filename>Mask176.jpg</filename>
	<path>/home/ashing/Data_Mask/mask/Mask176.jpg</path>
	<source>
		<database>Unknown</database>
	</source>
	<size>
		<width>1000</width>
		<height>1000</height>
		<depth>3</depth>
	</size>
	<segmented>0</segmented>
	<object>
		<name>Mask</name>
		<pose>Unspecified</pose>
		<truncated>0</truncated>
		<difficult>0</difficult>
		<bndbox>
			<xmin>88</xmin>
			<ymin>6</ymin>
			<xmax>984</xmax>
			<ymax>879</ymax>
		</bndbox>
	</object>
</annotation>
