<annotation>
	<folder>mask</folder>
	<filename>Mask214.jpg</filename>
	<path>/home/ashing/Data_Mask/mask/Mask214.jpg</path>
	<source>
		<database>Unknown</database>
	</source>
	<size>
		<width>275</width>
		<height>183</height>
		<depth>3</depth>
	</size>
	<segmented>0</segmented>
	<object>
		<name>Mask</name>
		<pose>Unspecified</pose>
		<truncated>0</truncated>
		<difficult>0</difficult>
		<bndbox>
			<xmin>65</xmin>
			<ymin>57</ymin>
			<xmax>111</xmax>
			<ymax>130</ymax>
		</bndbox>
	</object>
</annotation>
