<annotation>
	<folder>mask</folder>
	<filename>Mask138.jpg</filename>
	<path>/home/ashing/Data_Mask/mask/Mask138.jpg</path>
	<source>
		<database>Unknown</database>
	</source>
	<size>
		<width>1000</width>
		<height>667</height>
		<depth>3</depth>
	</size>
	<segmented>0</segmented>
	<object>
		<name>Mask</name>
		<pose>Unspecified</pose>
		<truncated>0</truncated>
		<difficult>0</difficult>
		<bndbox>
			<xmin>266</xmin>
			<ymin>137</ymin>
			<xmax>424</xmax>
			<ymax>314</ymax>
		</bndbox>
	</object>
	<object>
		<name>No_Mask</name>
		<pose>Unspecified</pose>
		<truncated>0</truncated>
		<difficult>0</difficult>
		<bndbox>
			<xmin>830</xmin>
			<ymin>215</ymin>
			<xmax>938</xmax>
			<ymax>384</ymax>
		</bndbox>
	</object>
	<object>
		<name>No_Mask</name>
		<pose>Unspecified</pose>
		<truncated>0</truncated>
		<difficult>0</difficult>
		<bndbox>
			<xmin>715</xmin>
			<ymin>179</ymin>
			<xmax>831</xmax>
			<ymax>298</ymax>
		</bndbox>
	</object>
</annotation>
