<annotation>
	<folder>mask</folder>
	<filename>Mask085.jpg</filename>
	<path>/home/ashing/Data_Mask/mask/Mask085.jpg</path>
	<source>
		<database>Unknown</database>
	</source>
	<size>
		<width>805</width>
		<height>759</height>
		<depth>3</depth>
	</size>
	<segmented>0</segmented>
	<object>
		<name>Mask</name>
		<pose>Unspecified</pose>
		<truncated>0</truncated>
		<difficult>0</difficult>
		<bndbox>
			<xmin>85</xmin>
			<ymin>273</ymin>
			<xmax>341</xmax>
			<ymax>593</ymax>
		</bndbox>
	</object>
	<object>
		<name>Mask</name>
		<pose>Unspecified</pose>
		<truncated>0</truncated>
		<difficult>0</difficult>
		<bndbox>
			<xmin>474</xmin>
			<ymin>329</ymin>
			<xmax>707</xmax>
			<ymax>600</ymax>
		</bndbox>
	</object>
</annotation>
