<annotation>
	<folder>mask</folder>
	<filename>Mask281.gif</filename>
	<path>/home/ashing/Data_Mask/mask/Mask281.gif</path>
	<source>
		<database>Unknown</database>
	</source>
	<size>
		<width>450</width>
		<height>369</height>
		<depth>3</depth>
	</size>
	<segmented>0</segmented>
	<object>
		<name>Mask</name>
		<pose>Unspecified</pose>
		<truncated>0</truncated>
		<difficult>0</difficult>
		<bndbox>
			<xmin>242</xmin>
			<ymin>74</ymin>
			<xmax>392</xmax>
			<ymax>245</ymax>
		</bndbox>
	</object>
</annotation>
