<annotation>
	<folder>mask</folder>
	<filename>Mask248.jpg</filename>
	<path>/home/ashing/Data_Mask/mask/Mask248.jpg</path>
	<source>
		<database>Unknown</database>
	</source>
	<size>
		<width>1280</width>
		<height>720</height>
		<depth>3</depth>
	</size>
	<segmented>0</segmented>
	<object>
		<name>Mask</name>
		<pose>Unspecified</pose>
		<truncated>0</truncated>
		<difficult>0</difficult>
		<bndbox>
			<xmin>326</xmin>
			<ymin>141</ymin>
			<xmax>707</xmax>
			<ymax>655</ymax>
		</bndbox>
	</object>
</annotation>
