<annotation>
	<folder>mask</folder>
	<filename>Mask027.jpg</filename>
	<path>/home/ashing/Data_Mask/mask/Mask027.jpg</path>
	<source>
		<database>Unknown</database>
	</source>
	<size>
		<width>360</width>
		<height>360</height>
		<depth>3</depth>
	</size>
	<segmented>0</segmented>
	<object>
		<name>Mask</name>
		<pose>Unspecified</pose>
		<truncated>0</truncated>
		<difficult>0</difficult>
		<bndbox>
			<xmin>201</xmin>
			<ymin>55</ymin>
			<xmax>280</xmax>
			<ymax>165</ymax>
		</bndbox>
	</object>
</annotation>
