<annotation>
	<folder>mask</folder>
	<filename>Mask072.jpg</filename>
	<path>/home/ashing/Data_Mask/mask/Mask072.jpg</path>
	<source>
		<database>Unknown</database>
	</source>
	<size>
		<width>400</width>
		<height>400</height>
		<depth>3</depth>
	</size>
	<segmented>0</segmented>
	<object>
		<name>Mask</name>
		<pose>Unspecified</pose>
		<truncated>0</truncated>
		<difficult>0</difficult>
		<bndbox>
			<xmin>153</xmin>
			<ymin>15</ymin>
			<xmax>383</xmax>
			<ymax>271</ymax>
		</bndbox>
	</object>
	<object>
		<name>Mask</name>
		<pose>Unspecified</pose>
		<truncated>0</truncated>
		<difficult>0</difficult>
		<bndbox>
			<xmin>38</xmin>
			<ymin>245</ymin>
			<xmax>135</xmax>
			<ymax>365</ymax>
		</bndbox>
	</object>
</annotation>
