<annotation>
	<folder>mask</folder>
	<filename>Mask311.jpg</filename>
	<path>/home/ashing/Data_Mask/mask/Mask311.jpg</path>
	<source>
		<database>Unknown</database>
	</source>
	<size>
		<width>500</width>
		<height>500</height>
		<depth>3</depth>
	</size>
	<segmented>0</segmented>
	<object>
		<name>Mask</name>
		<pose>Unspecified</pose>
		<truncated>0</truncated>
		<difficult>0</difficult>
		<bndbox>
			<xmin>117</xmin>
			<ymin>55</ymin>
			<xmax>355</xmax>
			<ymax>383</ymax>
		</bndbox>
	</object>
</annotation>
