<annotation>
	<folder>mask</folder>
	<filename>Mask130.jpg</filename>
	<path>/home/ashing/Data_Mask/mask/Mask130.jpg</path>
	<source>
		<database>Unknown</database>
	</source>
	<size>
		<width>940</width>
		<height>650</height>
		<depth>3</depth>
	</size>
	<segmented>0</segmented>
	<object>
		<name>Mask</name>
		<pose>Unspecified</pose>
		<truncated>0</truncated>
		<difficult>0</difficult>
		<bndbox>
			<xmin>153</xmin>
			<ymin>92</ymin>
			<xmax>340</xmax>
			<ymax>358</ymax>
		</bndbox>
	</object>
	<object>
		<name>Mask</name>
		<pose>Unspecified</pose>
		<truncated>0</truncated>
		<difficult>0</difficult>
		<bndbox>
			<xmin>563</xmin>
			<ymin>90</ymin>
			<xmax>844</xmax>
			<ymax>462</ymax>
		</bndbox>
	</object>
</annotation>
