<annotation>
	<folder>mask</folder>
	<filename>Mask086.jpg</filename>
	<path>/home/ashing/Data_Mask/mask/Mask086.jpg</path>
	<source>
		<database>Unknown</database>
	</source>
	<size>
		<width>1024</width>
		<height>683</height>
		<depth>3</depth>
	</size>
	<segmented>0</segmented>
	<object>
		<name>Mask</name>
		<pose>Unspecified</pose>
		<truncated>0</truncated>
		<difficult>0</difficult>
		<bndbox>
			<xmin>191</xmin>
			<ymin>31</ymin>
			<xmax>279</xmax>
			<ymax>188</ymax>
		</bndbox>
	</object>
</annotation>
