<annotation>
	<folder>mask</folder>
	<filename>Mask098.jpg</filename>
	<path>/home/ashing/Data_Mask/mask/Mask098.jpg</path>
	<source>
		<database>Unknown</database>
	</source>
	<size>
		<width>392</width>
		<height>532</height>
		<depth>3</depth>
	</size>
	<segmented>0</segmented>
	<object>
		<name>Mask</name>
		<pose>Unspecified</pose>
		<truncated>0</truncated>
		<difficult>0</difficult>
		<bndbox>
			<xmin>215</xmin>
			<ymin>264</ymin>
			<xmax>326</xmax>
			<ymax>399</ymax>
		</bndbox>
	</object>
</annotation>
