<annotation>
	<folder>mask</folder>
	<filename>Mask213.jpg</filename>
	<path>/home/ashing/Data_Mask/mask/Mask213.jpg</path>
	<source>
		<database>Unknown</database>
	</source>
	<size>
		<width>259</width>
		<height>194</height>
		<depth>3</depth>
	</size>
	<segmented>0</segmented>
	<object>
		<name>Mask</name>
		<pose>Unspecified</pose>
		<truncated>0</truncated>
		<difficult>0</difficult>
		<bndbox>
			<xmin>37</xmin>
			<ymin>15</ymin>
			<xmax>105</xmax>
			<ymax>99</ymax>
		</bndbox>
	</object>
</annotation>
