<annotation>
	<folder>mask</folder>
	<filename>Mask201.jpg</filename>
	<path>/home/ashing/Data_Mask/mask/Mask201.jpg</path>
	<source>
		<database>Unknown</database>
	</source>
	<size>
		<width>650</width>
		<height>525</height>
		<depth>3</depth>
	</size>
	<segmented>0</segmented>
	<object>
		<name>Mask</name>
		<pose>Unspecified</pose>
		<truncated>0</truncated>
		<difficult>0</difficult>
		<bndbox>
			<xmin>118</xmin>
			<ymin>96</ymin>
			<xmax>213</xmax>
			<ymax>211</ymax>
		</bndbox>
	</object>
</annotation>
