<annotation>
	<folder>mask</folder>
	<filename>Mask106.jpg</filename>
	<path>/home/ashing/Data_Mask/mask/Mask106.jpg</path>
	<source>
		<database>Unknown</database>
	</source>
	<size>
		<width>1080</width>
		<height>720</height>
		<depth>3</depth>
	</size>
	<segmented>0</segmented>
	<object>
		<name>Mask</name>
		<pose>Unspecified</pose>
		<truncated>0</truncated>
		<difficult>0</difficult>
		<bndbox>
			<xmin>411</xmin>
			<ymin>52</ymin>
			<xmax>545</xmax>
			<ymax>229</ymax>
		</bndbox>
	</object>
	<object>
		<name>Mask</name>
		<pose>Unspecified</pose>
		<truncated>0</truncated>
		<difficult>0</difficult>
		<bndbox>
			<xmin>219</xmin>
			<ymin>166</ymin>
			<xmax>301</xmax>
			<ymax>276</ymax>
		</bndbox>
	</object>
</annotation>
