<annotation>
	<folder>mask</folder>
	<filename>Mask014.jpeg</filename>
	<path>/home/ashing/Data_Mask/mask/Mask014.jpeg</path>
	<source>
		<database>Unknown</database>
	</source>
	<size>
		<width>720</width>
		<height>480</height>
		<depth>3</depth>
	</size>
	<segmented>0</segmented>
	<object>
		<name>Mask</name>
		<pose>Unspecified</pose>
		<truncated>0</truncated>
		<difficult>0</difficult>
		<bndbox>
			<xmin>331</xmin>
			<ymin>47</ymin>
			<xmax>438</xmax>
			<ymax>196</ymax>
		</bndbox>
	</object>
</annotation>
