<annotation>
	<folder>mask</folder>
	<filename>Mask064.jpg</filename>
	<path>/home/ashing/Data_Mask/mask/Mask064.jpg</path>
	<source>
		<database>Unknown</database>
	</source>
	<size>
		<width>720</width>
		<height>480</height>
		<depth>3</depth>
	</size>
	<segmented>0</segmented>
	<object>
		<name>Mask</name>
		<pose>Unspecified</pose>
		<truncated>0</truncated>
		<difficult>0</difficult>
		<bndbox>
			<xmin>329</xmin>
			<ymin>41</ymin>
			<xmax>464</xmax>
			<ymax>191</ymax>
		</bndbox>
	</object>
</annotation>
