<annotation>
	<folder>mask</folder>
	<filename>Mask310.jpg</filename>
	<path>/home/ashing/Data_Mask/mask/Mask310.jpg</path>
	<source>
		<database>Unknown</database>
	</source>
	<size>
		<width>499</width>
		<height>331</height>
		<depth>3</depth>
	</size>
	<segmented>0</segmented>
	<object>
		<name>Mask</name>
		<pose>Unspecified</pose>
		<truncated>0</truncated>
		<difficult>0</difficult>
		<bndbox>
			<xmin>210</xmin>
			<ymin>69</ymin>
			<xmax>352</xmax>
			<ymax>239</ymax>
		</bndbox>
	</object>
</annotation>
