<annotation>
	<folder>mask</folder>
	<filename>Mask069.jpg</filename>
	<path>/home/ashing/Data_Mask/mask/Mask069.jpg</path>
	<source>
		<database>Unknown</database>
	</source>
	<size>
		<width>1024</width>
		<height>682</height>
		<depth>3</depth>
	</size>
	<segmented>0</segmented>
	<object>
		<name>Mask</name>
		<pose>Unspecified</pose>
		<truncated>0</truncated>
		<difficult>0</difficult>
		<bndbox>
			<xmin>577</xmin>
			<ymin>174</ymin>
			<xmax>899</xmax>
			<ymax>495</ymax>
		</bndbox>
	</object>
	<object>
		<name>Mask</name>
		<pose>Unspecified</pose>
		<truncated>0</truncated>
		<difficult>0</difficult>
		<bndbox>
			<xmin>69</xmin>
			<ymin>275</ymin>
			<xmax>300</xmax>
			<ymax>595</ymax>
		</bndbox>
	</object>
</annotation>
