<annotation>
	<folder>mask</folder>
	<filename>Mask172.jpg</filename>
	<path>/home/ashing/Data_Mask/mask/Mask172.jpg</path>
	<source>
		<database>Unknown</database>
	</source>
	<size>
		<width>630</width>
		<height>422</height>
		<depth>3</depth>
	</size>
	<segmented>0</segmented>
	<object>
		<name>Mask</name>
		<pose>Unspecified</pose>
		<truncated>0</truncated>
		<difficult>0</difficult>
		<bndbox>
			<xmin>220</xmin>
			<ymin>93</ymin>
			<xmax>481</xmax>
			<ymax>379</ymax>
		</bndbox>
	</object>
</annotation>
