<annotation>
	<folder>mask</folder>
	<filename>Mask108.jpg</filename>
	<path>/home/ashing/Data_Mask/mask/Mask108.jpg</path>
	<source>
		<database>Unknown</database>
	</source>
	<size>
		<width>720</width>
		<height>540</height>
		<depth>3</depth>
	</size>
	<segmented>0</segmented>
	<object>
		<name>Mask</name>
		<pose>Unspecified</pose>
		<truncated>0</truncated>
		<difficult>0</difficult>
		<bndbox>
			<xmin>122</xmin>
			<ymin>170</ymin>
			<xmax>268</xmax>
			<ymax>384</ymax>
		</bndbox>
	</object>
	<object>
		<name>Mask</name>
		<pose>Unspecified</pose>
		<truncated>0</truncated>
		<difficult>0</difficult>
		<bndbox>
			<xmin>443</xmin>
			<ymin>208</ymin>
			<xmax>512</xmax>
			<ymax>308</ymax>
		</bndbox>
	</object>
	<object>
		<name>Mask</name>
		<pose>Unspecified</pose>
		<truncated>0</truncated>
		<difficult>0</difficult>
		<bndbox>
			<xmin>591</xmin>
			<ymin>368</ymin>
			<xmax>646</xmax>
			<ymax>441</ymax>
		</bndbox>
	</object>
</annotation>
