<annotation>
	<folder>mask</folder>
	<filename>Mask047.jpg</filename>
	<path>/home/ashing/Data_Mask/mask/Mask047.jpg</path>
	<source>
		<database>Unknown</database>
	</source>
	<size>
		<width>1200</width>
		<height>900</height>
		<depth>3</depth>
	</size>
	<segmented>0</segmented>
	<object>
		<name>Mask</name>
		<pose>Unspecified</pose>
		<truncated>0</truncated>
		<difficult>0</difficult>
		<bndbox>
			<xmin>138</xmin>
			<ymin>140</ymin>
			<xmax>487</xmax>
			<ymax>485</ymax>
		</bndbox>
	</object>
	<object>
		<name>Mask</name>
		<pose>Unspecified</pose>
		<truncated>0</truncated>
		<difficult>0</difficult>
		<bndbox>
			<xmin>651</xmin>
			<ymin>58</ymin>
			<xmax>1024</xmax>
			<ymax>448</ymax>
		</bndbox>
	</object>
</annotation>
