<annotation>
	<folder>mask</folder>
	<filename>Mask180.jpg</filename>
	<path>/home/ashing/Data_Mask/mask/Mask180.jpg</path>
	<source>
		<database>Unknown</database>
	</source>
	<size>
		<width>339</width>
		<height>552</height>
		<depth>3</depth>
	</size>
	<segmented>0</segmented>
	<object>
		<name>Mask</name>
		<pose>Unspecified</pose>
		<truncated>0</truncated>
		<difficult>0</difficult>
		<bndbox>
			<xmin>116</xmin>
			<ymin>155</ymin>
			<xmax>263</xmax>
			<ymax>372</ymax>
		</bndbox>
	</object>
</annotation>
