<annotation>
	<folder>mask</folder>
	<filename>Mask173.jpg</filename>
	<path>/home/ashing/Data_Mask/mask/Mask173.jpg</path>
	<source>
		<database>Unknown</database>
	</source>
	<size>
		<width>1200</width>
		<height>657</height>
		<depth>3</depth>
	</size>
	<segmented>0</segmented>
	<object>
		<name>Mask</name>
		<pose>Unspecified</pose>
		<truncated>0</truncated>
		<difficult>0</difficult>
		<bndbox>
			<xmin>517</xmin>
			<ymin>11</ymin>
			<xmax>1181</xmax>
			<ymax>604</ymax>
		</bndbox>
	</object>
</annotation>
