<annotation>
	<folder>mask</folder>
	<filename>Mask123.jpg</filename>
	<path>/home/ashing/Data_Mask/mask/Mask123.jpg</path>
	<source>
		<database>Unknown</database>
	</source>
	<size>
		<width>513</width>
		<height>667</height>
		<depth>3</depth>
	</size>
	<segmented>0</segmented>
	<object>
		<name>Mask</name>
		<pose>Unspecified</pose>
		<truncated>0</truncated>
		<difficult>0</difficult>
		<bndbox>
			<xmin>39</xmin>
			<ymin>123</ymin>
			<xmax>294</xmax>
			<ymax>436</ymax>
		</bndbox>
	</object>
</annotation>
