<annotation>
	<folder>mask</folder>
	<filename>Mask165.jpg</filename>
	<path>/home/ashing/Data_Mask/mask/Mask165.jpg</path>
	<source>
		<database>Unknown</database>
	</source>
	<size>
		<width>780</width>
		<height>520</height>
		<depth>3</depth>
	</size>
	<segmented>0</segmented>
	<object>
		<name>Mask</name>
		<pose>Unspecified</pose>
		<truncated>0</truncated>
		<difficult>0</difficult>
		<bndbox>
			<xmin>486</xmin>
			<ymin>131</ymin>
			<xmax>681</xmax>
			<ymax>374</ymax>
		</bndbox>
	</object>
	<object>
		<name>Mask</name>
		<pose>Unspecified</pose>
		<truncated>0</truncated>
		<difficult>0</difficult>
		<bndbox>
			<xmin>191</xmin>
			<ymin>126</ymin>
			<xmax>352</xmax>
			<ymax>386</ymax>
		</bndbox>
	</object>
</annotation>
