<annotation>
	<folder>mask</folder>
	<filename>Mask005.jpg</filename>
	<path>/home/ashing/Data_Mask/mask/Mask005.jpg</path>
	<source>
		<database>Unknown</database>
	</source>
	<size>
		<width>1080</width>
		<height>1440</height>
		<depth>3</depth>
	</size>
	<segmented>0</segmented>
	<object>
		<name>Mask</name>
		<pose>Unspecified</pose>
		<truncated>0</truncated>
		<difficult>0</difficult>
		<bndbox>
			<xmin>341</xmin>
			<ymin>267</ymin>
			<xmax>526</xmax>
			<ymax>501</ymax>
		</bndbox>
	</object>
</annotation>
