<annotation>
	<folder>mask</folder>
	<filename>Mask206.jpg</filename>
	<path>/home/ashing/Data_Mask/mask/Mask206.jpg</path>
	<source>
		<database>Unknown</database>
	</source>
	<size>
		<width>194</width>
		<height>259</height>
		<depth>3</depth>
	</size>
	<segmented>0</segmented>
	<object>
		<name>Mask</name>
		<pose>Unspecified</pose>
		<truncated>0</truncated>
		<difficult>0</difficult>
		<bndbox>
			<xmin>59</xmin>
			<ymin>26</ymin>
			<xmax>141</xmax>
			<ymax>137</ymax>
		</bndbox>
	</object>
</annotation>
