<annotation>
	<folder>mask</folder>
	<filename>Mask274.jpg</filename>
	<path>/home/ashing/Data_Mask/mask/Mask274.jpg</path>
	<source>
		<database>Unknown</database>
	</source>
	<size>
		<width>1920</width>
		<height>1080</height>
		<depth>3</depth>
	</size>
	<segmented>0</segmented>
	<object>
		<name>Mask</name>
		<pose>Unspecified</pose>
		<truncated>0</truncated>
		<difficult>0</difficult>
		<bndbox>
			<xmin>760</xmin>
			<ymin>316</ymin>
			<xmax>1151</xmax>
			<ymax>794</ymax>
		</bndbox>
	</object>
</annotation>
