<annotation>
	<folder>mask</folder>
	<filename>Mask237.jpg</filename>
	<path>/home/ashing/Data_Mask/mask/Mask237.jpg</path>
	<source>
		<database>Unknown</database>
	</source>
	<size>
		<width>183</width>
		<height>258</height>
		<depth>3</depth>
	</size>
	<segmented>0</segmented>
	<object>
		<name>Mask</name>
		<pose>Unspecified</pose>
		<truncated>0</truncated>
		<difficult>0</difficult>
		<bndbox>
			<xmin>63</xmin>
			<ymin>50</ymin>
			<xmax>182</xmax>
			<ymax>188</ymax>
		</bndbox>
	</object>
</annotation>
