<annotation>
	<folder>mask</folder>
	<filename>Mask222.jpg</filename>
	<path>/home/ashing/Data_Mask/mask/Mask222.jpg</path>
	<source>
		<database>Unknown</database>
	</source>
	<size>
		<width>362</width>
		<height>139</height>
		<depth>3</depth>
	</size>
	<segmented>0</segmented>
	<object>
		<name>Mask</name>
		<pose>Unspecified</pose>
		<truncated>0</truncated>
		<difficult>0</difficult>
		<bndbox>
			<xmin>196</xmin>
			<ymin>11</ymin>
			<xmax>305</xmax>
			<ymax>126</ymax>
		</bndbox>
	</object>
</annotation>
