<annotation>
	<folder>mask</folder>
	<filename>Mask262.jpg</filename>
	<path>/home/ashing/Data_Mask/mask/Mask262.jpg</path>
	<source>
		<database>Unknown</database>
	</source>
	<size>
		<width>3500</width>
		<height>3146</height>
		<depth>3</depth>
	</size>
	<segmented>0</segmented>
	<object>
		<name>Mask</name>
		<pose>Unspecified</pose>
		<truncated>0</truncated>
		<difficult>0</difficult>
		<bndbox>
			<xmin>2221</xmin>
			<ymin>1132</ymin>
			<xmax>3008</xmax>
			<ymax>2161</ymax>
		</bndbox>
	</object>
</annotation>
