<annotation>
	<folder>mask</folder>
	<filename>Mask160.jpg</filename>
	<path>/home/ashing/Data_Mask/mask/Mask160.jpg</path>
	<source>
		<database>Unknown</database>
	</source>
	<size>
		<width>640</width>
		<height>480</height>
		<depth>3</depth>
	</size>
	<segmented>0</segmented>
	<object>
		<name>Mask</name>
		<pose>Unspecified</pose>
		<truncated>0</truncated>
		<difficult>0</difficult>
		<bndbox>
			<xmin>206</xmin>
			<ymin>17</ymin>
			<xmax>502</xmax>
			<ymax>386</ymax>
		</bndbox>
	</object>
</annotation>
