<annotation>
	<folder>mask</folder>
	<filename>Mask156.jpg</filename>
	<path>/home/ashing/Data_Mask/mask/Mask156.jpg</path>
	<source>
		<database>Unknown</database>
	</source>
	<size>
		<width>750</width>
		<height>710</height>
		<depth>3</depth>
	</size>
	<segmented>0</segmented>
	<object>
		<name>Mask</name>
		<pose>Unspecified</pose>
		<truncated>0</truncated>
		<difficult>0</difficult>
		<bndbox>
			<xmin>493</xmin>
			<ymin>114</ymin>
			<xmax>655</xmax>
			<ymax>315</ymax>
		</bndbox>
	</object>
</annotation>
