<annotation>
	<folder>mask</folder>
	<filename>Mask242.jpg</filename>
	<path>/home/ashing/Data_Mask/mask/Mask242.jpg</path>
	<source>
		<database>Unknown</database>
	</source>
	<size>
		<width>1000</width>
		<height>600</height>
		<depth>3</depth>
	</size>
	<segmented>0</segmented>
	<object>
		<name>Mask</name>
		<pose>Unspecified</pose>
		<truncated>0</truncated>
		<difficult>0</difficult>
		<bndbox>
			<xmin>181</xmin>
			<ymin>101</ymin>
			<xmax>451</xmax>
			<ymax>468</ymax>
		</bndbox>
	</object>
</annotation>
