<annotation>
	<folder>mask</folder>
	<filename>Mask024.jpg</filename>
	<path>/home/ashing/Data_Mask/mask/Mask024.jpg</path>
	<source>
		<database>Unknown</database>
	</source>
	<size>
		<width>410</width>
		<height>230</height>
		<depth>3</depth>
	</size>
	<segmented>0</segmented>
	<object>
		<name>Mask</name>
		<pose>Unspecified</pose>
		<truncated>0</truncated>
		<difficult>0</difficult>
		<bndbox>
			<xmin>347</xmin>
			<ymin>49</ymin>
			<xmax>388</xmax>
			<ymax>107</ymax>
		</bndbox>
	</object>
</annotation>
