<annotation>
	<folder>mask</folder>
	<filename>Mask326.jpg</filename>
	<path>/home/ashing/Data_Mask/mask/Mask326.jpg</path>
	<source>
		<database>Unknown</database>
	</source>
	<size>
		<width>1102</width>
		<height>750</height>
		<depth>3</depth>
	</size>
	<segmented>0</segmented>
	<object>
		<name>Mask</name>
		<pose>Unspecified</pose>
		<truncated>0</truncated>
		<difficult>0</difficult>
		<bndbox>
			<xmin>723</xmin>
			<ymin>107</ymin>
			<xmax>854</xmax>
			<ymax>245</ymax>
		</bndbox>
	</object>
	<object>
		<name>Mask</name>
		<pose>Unspecified</pose>
		<truncated>0</truncated>
		<difficult>0</difficult>
		<bndbox>
			<xmin>632</xmin>
			<ymin>57</ymin>
			<xmax>723</xmax>
			<ymax>168</ymax>
		</bndbox>
	</object>
	<object>
		<name>Mask</name>
		<pose>Unspecified</pose>
		<truncated>0</truncated>
		<difficult>0</difficult>
		<bndbox>
			<xmin>249</xmin>
			<ymin>252</ymin>
			<xmax>347</xmax>
			<ymax>393</ymax>
		</bndbox>
	</object>
</annotation>
