<annotation>
	<folder>mask</folder>
	<filename>Mask239.jpg</filename>
	<path>/home/ashing/Data_Mask/mask/Mask239.jpg</path>
	<source>
		<database>Unknown</database>
	</source>
	<size>
		<width>640</width>
		<height>640</height>
		<depth>3</depth>
	</size>
	<segmented>0</segmented>
	<object>
		<name>Mask</name>
		<pose>Unspecified</pose>
		<truncated>0</truncated>
		<difficult>0</difficult>
		<bndbox>
			<xmin>109</xmin>
			<ymin>179</ymin>
			<xmax>316</xmax>
			<ymax>490</ymax>
		</bndbox>
	</object>
</annotation>
