<annotation>
	<folder>mask</folder>
	<filename>Mask066.jpg</filename>
	<path>/home/ashing/Data_Mask/mask/Mask066.jpg</path>
	<source>
		<database>Unknown</database>
	</source>
	<size>
		<width>850</width>
		<height>430</height>
		<depth>3</depth>
	</size>
	<segmented>0</segmented>
	<object>
		<name>Mask</name>
		<pose>Unspecified</pose>
		<truncated>0</truncated>
		<difficult>0</difficult>
		<bndbox>
			<xmin>654</xmin>
			<ymin>154</ymin>
			<xmax>737</xmax>
			<ymax>245</ymax>
		</bndbox>
	</object>
	<object>
		<name>Mask</name>
		<pose>Unspecified</pose>
		<truncated>0</truncated>
		<difficult>0</difficult>
		<bndbox>
			<xmin>468</xmin>
			<ymin>207</ymin>
			<xmax>500</xmax>
			<ymax>258</ymax>
		</bndbox>
	</object>
	<object>
		<name>Mask</name>
		<pose>Unspecified</pose>
		<truncated>0</truncated>
		<difficult>0</difficult>
		<bndbox>
			<xmin>523</xmin>
			<ymin>209</ymin>
			<xmax>562</xmax>
			<ymax>251</ymax>
		</bndbox>
	</object>
</annotation>
