<annotation>
	<folder>mask</folder>
	<filename>Mask143.jpg</filename>
	<path>/home/ashing/Data_Mask/mask/Mask143.jpg</path>
	<source>
		<database>Unknown</database>
	</source>
	<size>
		<width>440</width>
		<height>440</height>
		<depth>3</depth>
	</size>
	<segmented>0</segmented>
	<object>
		<name>Mask</name>
		<pose>Unspecified</pose>
		<truncated>0</truncated>
		<difficult>0</difficult>
		<bndbox>
			<xmin>282</xmin>
			<ymin>108</ymin>
			<xmax>435</xmax>
			<ymax>299</ymax>
		</bndbox>
	</object>
</annotation>
