<annotation>
	<folder>mask</folder>
	<filename>Mask202.jpg</filename>
	<path>/home/ashing/Data_Mask/mask/Mask202.jpg</path>
	<source>
		<database>Unknown</database>
	</source>
	<size>
		<width>488</width>
		<height>488</height>
		<depth>3</depth>
	</size>
	<segmented>0</segmented>
	<object>
		<name>Mask</name>
		<pose>Unspecified</pose>
		<truncated>0</truncated>
		<difficult>0</difficult>
		<bndbox>
			<xmin>296</xmin>
			<ymin>205</ymin>
			<xmax>415</xmax>
			<ymax>349</ymax>
		</bndbox>
	</object>
</annotation>
