<annotation>
	<folder>mask</folder>
	<filename>Mask230.jpg</filename>
	<path>/home/ashing/Data_Mask/mask/Mask230.jpg</path>
	<source>
		<database>Unknown</database>
	</source>
	<size>
		<width>192</width>
		<height>262</height>
		<depth>3</depth>
	</size>
	<segmented>0</segmented>
	<object>
		<name>Mask</name>
		<pose>Unspecified</pose>
		<truncated>0</truncated>
		<difficult>0</difficult>
		<bndbox>
			<xmin>62</xmin>
			<ymin>36</ymin>
			<xmax>140</xmax>
			<ymax>137</ymax>
		</bndbox>
	</object>
</annotation>
