<annotation>
	<folder>mask</folder>
	<filename>Mask114.jpg</filename>
	<path>/home/ashing/Data_Mask/mask/Mask114.jpg</path>
	<source>
		<database>Unknown</database>
	</source>
	<size>
		<width>600</width>
		<height>1066</height>
		<depth>3</depth>
	</size>
	<segmented>0</segmented>
	<object>
		<name>Mask</name>
		<pose>Unspecified</pose>
		<truncated>0</truncated>
		<difficult>0</difficult>
		<bndbox>
			<xmin>369</xmin>
			<ymin>119</ymin>
			<xmax>537</xmax>
			<ymax>307</ymax>
		</bndbox>
	</object>
</annotation>
