<annotation>
	<folder>mask</folder>
	<filename>Mask168.jpg</filename>
	<path>/home/ashing/Data_Mask/mask/Mask168.jpg</path>
	<source>
		<database>Unknown</database>
	</source>
	<size>
		<width>630</width>
		<height>422</height>
		<depth>3</depth>
	</size>
	<segmented>0</segmented>
	<object>
		<name>Mask</name>
		<pose>Unspecified</pose>
		<truncated>0</truncated>
		<difficult>0</difficult>
		<bndbox>
			<xmin>217</xmin>
			<ymin>72</ymin>
			<xmax>391</xmax>
			<ymax>304</ymax>
		</bndbox>
	</object>
</annotation>
