<annotation>
	<folder>mask</folder>
	<filename>Mask070.jpg</filename>
	<path>/home/ashing/Data_Mask/mask/Mask070.jpg</path>
	<source>
		<database>Unknown</database>
	</source>
	<size>
		<width>940</width>
		<height>650</height>
		<depth>3</depth>
	</size>
	<segmented>0</segmented>
	<object>
		<name>Mask</name>
		<pose>Unspecified</pose>
		<truncated>0</truncated>
		<difficult>0</difficult>
		<bndbox>
			<xmin>378</xmin>
			<ymin>79</ymin>
			<xmax>626</xmax>
			<ymax>371</ymax>
		</bndbox>
	</object>
</annotation>
