<annotation>
	<folder>mask</folder>
	<filename>Mask050.jpg</filename>
	<path>/home/ashing/Data_Mask/mask/Mask050.jpg</path>
	<source>
		<database>Unknown</database>
	</source>
	<size>
		<width>1100</width>
		<height>733</height>
		<depth>3</depth>
	</size>
	<segmented>0</segmented>
	<object>
		<name>Mask</name>
		<pose>Unspecified</pose>
		<truncated>0</truncated>
		<difficult>0</difficult>
		<bndbox>
			<xmin>478</xmin>
			<ymin>188</ymin>
			<xmax>670</xmax>
			<ymax>437</ymax>
		</bndbox>
	</object>
</annotation>
