<annotation>
	<folder>mask</folder>
	<filename>Mask068.jpg</filename>
	<path>/home/ashing/Data_Mask/mask/Mask068.jpg</path>
	<source>
		<database>Unknown</database>
	</source>
	<size>
		<width>640</width>
		<height>640</height>
		<depth>3</depth>
	</size>
	<segmented>0</segmented>
	<object>
		<name>Mask</name>
		<pose>Unspecified</pose>
		<truncated>1</truncated>
		<difficult>0</difficult>
		<bndbox>
			<xmin>1</xmin>
			<ymin>108</ymin>
			<xmax>180</xmax>
			<ymax>321</ymax>
		</bndbox>
	</object>
</annotation>
