<annotation>
	<folder>mask</folder>
	<filename>Mask236.jpg</filename>
	<path>/home/ashing/Data_Mask/mask/Mask236.jpg</path>
	<source>
		<database>Unknown</database>
	</source>
	<size>
		<width>495</width>
		<height>379</height>
		<depth>3</depth>
	</size>
	<segmented>0</segmented>
	<object>
		<name>Mask</name>
		<pose>Unspecified</pose>
		<truncated>0</truncated>
		<difficult>0</difficult>
		<bndbox>
			<xmin>337</xmin>
			<ymin>116</ymin>
			<xmax>461</xmax>
			<ymax>270</ymax>
		</bndbox>
	</object>
</annotation>
