<annotation>
	<folder>mask</folder>
	<filename>Mask100.jpg</filename>
	<path>/home/ashing/Data_Mask/mask/Mask100.jpg</path>
	<source>
		<database>Unknown</database>
	</source>
	<size>
		<width>600</width>
		<height>600</height>
		<depth>3</depth>
	</size>
	<segmented>0</segmented>
	<object>
		<name>Mask</name>
		<pose>Unspecified</pose>
		<truncated>0</truncated>
		<difficult>0</difficult>
		<bndbox>
			<xmin>106</xmin>
			<ymin>121</ymin>
			<xmax>486</xmax>
			<ymax>560</ymax>
		</bndbox>
	</object>
</annotation>
