<annotation>
	<folder>mask</folder>
	<filename>Mask268.jpg</filename>
	<path>/home/ashing/Data_Mask/mask/Mask268.jpg</path>
	<source>
		<database>Unknown</database>
	</source>
	<size>
		<width>1024</width>
		<height>770</height>
		<depth>3</depth>
	</size>
	<segmented>0</segmented>
	<object>
		<name>Mask</name>
		<pose>Unspecified</pose>
		<truncated>0</truncated>
		<difficult>0</difficult>
		<bndbox>
			<xmin>553</xmin>
			<ymin>157</ymin>
			<xmax>759</xmax>
			<ymax>434</ymax>
		</bndbox>
	</object>
</annotation>
