<annotation>
	<folder>mask</folder>
	<filename>Mask302.jpg</filename>
	<path>/home/ashing/Data_Mask/mask/Mask302.jpg</path>
	<source>
		<database>Unknown</database>
	</source>
	<size>
		<width>500</width>
		<height>500</height>
		<depth>3</depth>
	</size>
	<segmented>0</segmented>
	<object>
		<name>Mask</name>
		<pose>Unspecified</pose>
		<truncated>0</truncated>
		<difficult>0</difficult>
		<bndbox>
			<xmin>161</xmin>
			<ymin>79</ymin>
			<xmax>373</xmax>
			<ymax>338</ymax>
		</bndbox>
	</object>
</annotation>
