<annotation>
	<folder>mask</folder>
	<filename>Mask269.jpg</filename>
	<path>/home/ashing/Data_Mask/mask/Mask269.jpg</path>
	<source>
		<database>Unknown</database>
	</source>
	<size>
		<width>1000</width>
		<height>667</height>
		<depth>3</depth>
	</size>
	<segmented>0</segmented>
	<object>
		<name>Mask</name>
		<pose>Unspecified</pose>
		<truncated>0</truncated>
		<difficult>0</difficult>
		<bndbox>
			<xmin>519</xmin>
			<ymin>192</ymin>
			<xmax>727</xmax>
			<ymax>452</ymax>
		</bndbox>
	</object>
</annotation>
