<annotation>
	<folder>mask</folder>
	<filename>Mask216.jpg</filename>
	<path>/home/ashing/Data_Mask/mask/Mask216.jpg</path>
	<source>
		<database>Unknown</database>
	</source>
	<size>
		<width>267</width>
		<height>189</height>
		<depth>3</depth>
	</size>
	<segmented>0</segmented>
	<object>
		<name>Mask</name>
		<pose>Unspecified</pose>
		<truncated>0</truncated>
		<difficult>0</difficult>
		<bndbox>
			<xmin>147</xmin>
			<ymin>56</ymin>
			<xmax>174</xmax>
			<ymax>91</ymax>
		</bndbox>
	</object>
	<object>
		<name>Mask</name>
		<pose>Unspecified</pose>
		<truncated>0</truncated>
		<difficult>0</difficult>
		<bndbox>
			<xmin>45</xmin>
			<ymin>55</ymin>
			<xmax>73</xmax>
			<ymax>94</ymax>
		</bndbox>
	</object>
	<object>
		<name>Mask</name>
		<pose>Unspecified</pose>
		<truncated>0</truncated>
		<difficult>0</difficult>
		<bndbox>
			<xmin>59</xmin>
			<ymin>124</ymin>
			<xmax>92</xmax>
			<ymax>163</ymax>
		</bndbox>
	</object>
</annotation>
