<annotation>
	<folder>mask</folder>
	<filename>Mask131.jpg</filename>
	<path>/home/ashing/Data_Mask/mask/Mask131.jpg</path>
	<source>
		<database>Unknown</database>
	</source>
	<size>
		<width>400</width>
		<height>400</height>
		<depth>3</depth>
	</size>
	<segmented>0</segmented>
	<object>
		<name>Mask</name>
		<pose>Unspecified</pose>
		<truncated>0</truncated>
		<difficult>0</difficult>
		<bndbox>
			<xmin>171</xmin>
			<ymin>2</ymin>
			<xmax>388</xmax>
			<ymax>213</ymax>
		</bndbox>
	</object>
</annotation>
