<annotation>
	<folder>mask</folder>
	<filename>Mask046.jpg</filename>
	<path>/home/ashing/Data_Mask/mask/Mask046.jpg</path>
	<source>
		<database>Unknown</database>
	</source>
	<size>
		<width>1477</width>
		<height>1108</height>
		<depth>3</depth>
	</size>
	<segmented>0</segmented>
	<object>
		<name>Mask</name>
		<pose>Unspecified</pose>
		<truncated>0</truncated>
		<difficult>0</difficult>
		<bndbox>
			<xmin>146</xmin>
			<ymin>456</ymin>
			<xmax>367</xmax>
			<ymax>691</ymax>
		</bndbox>
	</object>
	<object>
		<name>Mask</name>
		<pose>Unspecified</pose>
		<truncated>0</truncated>
		<difficult>0</difficult>
		<bndbox>
			<xmin>1227</xmin>
			<ymin>400</ymin>
			<xmax>1385</xmax>
			<ymax>604</ymax>
		</bndbox>
	</object>
</annotation>
