<annotation>
	<folder>mask</folder>
	<filename>Mask133.jpg</filename>
	<path>/home/ashing/Data_Mask/mask/Mask133.jpg</path>
	<source>
		<database>Unknown</database>
	</source>
	<size>
		<width>440</width>
		<height>247</height>
		<depth>3</depth>
	</size>
	<segmented>0</segmented>
	<object>
		<name>Mask</name>
		<pose>Unspecified</pose>
		<truncated>0</truncated>
		<difficult>0</difficult>
		<bndbox>
			<xmin>145</xmin>
			<ymin>33</ymin>
			<xmax>281</xmax>
			<ymax>172</ymax>
		</bndbox>
	</object>
</annotation>
