<annotation>
	<folder>mask</folder>
	<filename>Mask182.jpg</filename>
	<path>/home/ashing/Data_Mask/mask/Mask182.jpg</path>
	<source>
		<database>Unknown</database>
	</source>
	<size>
		<width>1000</width>
		<height>1000</height>
		<depth>3</depth>
	</size>
	<segmented>0</segmented>
	<object>
		<name>Mask</name>
		<pose>Unspecified</pose>
		<truncated>0</truncated>
		<difficult>0</difficult>
		<bndbox>
			<xmin>655</xmin>
			<ymin>220</ymin>
			<xmax>876</xmax>
			<ymax>537</ymax>
		</bndbox>
	</object>
</annotation>
