<annotation>
	<folder>mask</folder>
	<filename>Mask082.jpg</filename>
	<path>/home/ashing/Data_Mask/mask/Mask082.jpg</path>
	<source>
		<database>Unknown</database>
	</source>
	<size>
		<width>600</width>
		<height>977</height>
		<depth>3</depth>
	</size>
	<segmented>0</segmented>
	<object>
		<name>Mask</name>
		<pose>Unspecified</pose>
		<truncated>0</truncated>
		<difficult>0</difficult>
		<bndbox>
			<xmin>152</xmin>
			<ymin>181</ymin>
			<xmax>400</xmax>
			<ymax>438</ymax>
		</bndbox>
	</object>
</annotation>
