<annotation>
	<folder>mask</folder>
	<filename>Mask112.jpg</filename>
	<path>/home/ashing/Data_Mask/mask/Mask112.jpg</path>
	<source>
		<database>Unknown</database>
	</source>
	<size>
		<width>510</width>
		<height>287</height>
		<depth>3</depth>
	</size>
	<segmented>0</segmented>
	<object>
		<name>Mask</name>
		<pose>Unspecified</pose>
		<truncated>0</truncated>
		<difficult>0</difficult>
		<bndbox>
			<xmin>112</xmin>
			<ymin>28</ymin>
			<xmax>379</xmax>
			<ymax>284</ymax>
		</bndbox>
	</object>
</annotation>
