<annotation>
	<folder>mask</folder>
	<filename>Mask080.jpg</filename>
	<path>/home/ashing/Data_Mask/mask/Mask080.jpg</path>
	<source>
		<database>Unknown</database>
	</source>
	<size>
		<width>300</width>
		<height>300</height>
		<depth>3</depth>
	</size>
	<segmented>0</segmented>
	<object>
		<name>Mask</name>
		<pose>Unspecified</pose>
		<truncated>0</truncated>
		<difficult>0</difficult>
		<bndbox>
			<xmin>77</xmin>
			<ymin>10</ymin>
			<xmax>228</xmax>
			<ymax>199</ymax>
		</bndbox>
	</object>
</annotation>
