<annotation>
	<folder>mask</folder>
	<filename>Mask283.jpg</filename>
	<path>/home/ashing/Data_Mask/mask/Mask283.jpg</path>
	<source>
		<database>Unknown</database>
	</source>
	<size>
		<width>510</width>
		<height>287</height>
		<depth>3</depth>
	</size>
	<segmented>0</segmented>
	<object>
		<name>Mask</name>
		<pose>Unspecified</pose>
		<truncated>1</truncated>
		<difficult>0</difficult>
		<bndbox>
			<xmin>164</xmin>
			<ymin>22</ymin>
			<xmax>361</xmax>
			<ymax>287</ymax>
		</bndbox>
	</object>
</annotation>
