<annotation>
	<folder>mask</folder>
	<filename>Mask227.jpg</filename>
	<path>/home/ashing/Data_Mask/mask/Mask227.jpg</path>
	<source>
		<database>Unknown</database>
	</source>
	<size>
		<width>225</width>
		<height>225</height>
		<depth>3</depth>
	</size>
	<segmented>0</segmented>
	<object>
		<name>Mask</name>
		<pose>Unspecified</pose>
		<truncated>0</truncated>
		<difficult>0</difficult>
		<bndbox>
			<xmin>53</xmin>
			<ymin>37</ymin>
			<xmax>144</xmax>
			<ymax>149</ymax>
		</bndbox>
	</object>
</annotation>
