<annotation>
	<folder>mask</folder>
	<filename>Mask048.jpg</filename>
	<path>/home/ashing/Data_Mask/mask/Mask048.jpg</path>
	<source>
		<database>Unknown</database>
	</source>
	<size>
		<width>700</width>
		<height>541</height>
		<depth>3</depth>
	</size>
	<segmented>0</segmented>
	<object>
		<name>Mask</name>
		<pose>Unspecified</pose>
		<truncated>0</truncated>
		<difficult>0</difficult>
		<bndbox>
			<xmin>160</xmin>
			<ymin>327</ymin>
			<xmax>230</xmax>
			<ymax>397</ymax>
		</bndbox>
	</object>
	<object>
		<name>Mask</name>
		<pose>Unspecified</pose>
		<truncated>0</truncated>
		<difficult>0</difficult>
		<bndbox>
			<xmin>382</xmin>
			<ymin>336</ymin>
			<xmax>465</xmax>
			<ymax>439</ymax>
		</bndbox>
	</object>
	<object>
		<name>Mask</name>
		<pose>Unspecified</pose>
		<truncated>0</truncated>
		<difficult>0</difficult>
		<bndbox>
			<xmin>488</xmin>
			<ymin>317</ymin>
			<xmax>562</xmax>
			<ymax>389</ymax>
		</bndbox>
	</object>
</annotation>
