<annotation>
	<folder>mask</folder>
	<filename>Mask293.jpg</filename>
	<path>/home/ashing/Data_Mask/mask/Mask293.jpg</path>
	<source>
		<database>Unknown</database>
	</source>
	<size>
		<width>830</width>
		<height>436</height>
		<depth>3</depth>
	</size>
	<segmented>0</segmented>
	<object>
		<name>Mask</name>
		<pose>Unspecified</pose>
		<truncated>0</truncated>
		<difficult>0</difficult>
		<bndbox>
			<xmin>393</xmin>
			<ymin>56</ymin>
			<xmax>598</xmax>
			<ymax>305</ymax>
		</bndbox>
	</object>
	<object>
		<name>Mask</name>
		<pose>Unspecified</pose>
		<truncated>0</truncated>
		<difficult>0</difficult>
		<bndbox>
			<xmin>630</xmin>
			<ymin>149</ymin>
			<xmax>799</xmax>
			<ymax>317</ymax>
		</bndbox>
	</object>
	<object>
		<name>Mask</name>
		<pose>Unspecified</pose>
		<truncated>0</truncated>
		<difficult>0</difficult>
		<bndbox>
			<xmin>90</xmin>
			<ymin>61</ymin>
			<xmax>283</xmax>
			<ymax>275</ymax>
		</bndbox>
	</object>
</annotation>
