<annotation>
	<folder>mask</folder>
	<filename>Mask313.jpg</filename>
	<path>/home/ashing/Data_Mask/mask/Mask313.jpg</path>
	<source>
		<database>Unknown</database>
	</source>
	<size>
		<width>450</width>
		<height>300</height>
		<depth>3</depth>
	</size>
	<segmented>0</segmented>
	<object>
		<name>Mask</name>
		<pose>Unspecified</pose>
		<truncated>0</truncated>
		<difficult>0</difficult>
		<bndbox>
			<xmin>162</xmin>
			<ymin>55</ymin>
			<xmax>255</xmax>
			<ymax>173</ymax>
		</bndbox>
	</object>
</annotation>
