<annotation>
	<folder>mask</folder>
	<filename>Mask223.jpg</filename>
	<path>/home/ashing/Data_Mask/mask/Mask223.jpg</path>
	<source>
		<database>Unknown</database>
	</source>
	<size>
		<width>314</width>
		<height>161</height>
		<depth>3</depth>
	</size>
	<segmented>0</segmented>
	<object>
		<name>Mask</name>
		<pose>Unspecified</pose>
		<truncated>1</truncated>
		<difficult>0</difficult>
		<bndbox>
			<xmin>41</xmin>
			<ymin>1</ymin>
			<xmax>236</xmax>
			<ymax>161</ymax>
		</bndbox>
	</object>
</annotation>
