<annotation>
	<folder>mask</folder>
	<filename>Mask259.jpg</filename>
	<path>/home/ashing/Data_Mask/mask/Mask259.jpg</path>
	<source>
		<database>Unknown</database>
	</source>
	<size>
		<width>800</width>
		<height>397</height>
		<depth>3</depth>
	</size>
	<segmented>0</segmented>
	<object>
		<name>Mask</name>
		<pose>Unspecified</pose>
		<truncated>0</truncated>
		<difficult>0</difficult>
		<bndbox>
			<xmin>362</xmin>
			<ymin>89</ymin>
			<xmax>564</xmax>
			<ymax>321</ymax>
		</bndbox>
	</object>
	<object>
		<name>Mask</name>
		<pose>Unspecified</pose>
		<truncated>0</truncated>
		<difficult>0</difficult>
		<bndbox>
			<xmin>110</xmin>
			<ymin>136</ymin>
			<xmax>239</xmax>
			<ymax>289</ymax>
		</bndbox>
	</object>
</annotation>
