<annotation>
	<folder>mask</folder>
	<filename>Mask115.jpg</filename>
	<path>/home/ashing/Data_Mask/mask/Mask115.jpg</path>
	<source>
		<database>Unknown</database>
	</source>
	<size>
		<width>800</width>
		<height>601</height>
		<depth>3</depth>
	</size>
	<segmented>0</segmented>
	<object>
		<name>Mask</name>
		<pose>Unspecified</pose>
		<truncated>0</truncated>
		<difficult>0</difficult>
		<bndbox>
			<xmin>286</xmin>
			<ymin>107</ymin>
			<xmax>471</xmax>
			<ymax>344</ymax>
		</bndbox>
	</object>
</annotation>
