<annotation>
	<folder>mask</folder>
	<filename>Mask270.jpg</filename>
	<path>/home/ashing/Data_Mask/mask/Mask270.jpg</path>
	<source>
		<database>Unknown</database>
	</source>
	<size>
		<width>375</width>
		<height>197</height>
		<depth>3</depth>
	</size>
	<segmented>0</segmented>
	<object>
		<name>Mask</name>
		<pose>Unspecified</pose>
		<truncated>0</truncated>
		<difficult>0</difficult>
		<bndbox>
			<xmin>225</xmin>
			<ymin>38</ymin>
			<xmax>284</xmax>
			<ymax>105</ymax>
		</bndbox>
	</object>
	<object>
		<name>Mask</name>
		<pose>Unspecified</pose>
		<truncated>0</truncated>
		<difficult>0</difficult>
		<bndbox>
			<xmin>91</xmin>
			<ymin>67</ymin>
			<xmax>146</xmax>
			<ymax>142</ymax>
		</bndbox>
	</object>
</annotation>
