<annotation>
	<folder>mask</folder>
	<filename>Mask152.jpg</filename>
	<path>/home/ashing/Data_Mask/mask/Mask152.jpg</path>
	<source>
		<database>Unknown</database>
	</source>
	<size>
		<width>900</width>
		<height>506</height>
		<depth>3</depth>
	</size>
	<segmented>0</segmented>
	<object>
		<name>Mask</name>
		<pose>Unspecified</pose>
		<truncated>0</truncated>
		<difficult>0</difficult>
		<bndbox>
			<xmin>256</xmin>
			<ymin>86</ymin>
			<xmax>508</xmax>
			<ymax>403</ymax>
		</bndbox>
	</object>
</annotation>
