<annotation>
	<folder>mask</folder>
	<filename>Mask157.jpg</filename>
	<path>/home/ashing/Data_Mask/mask/Mask157.jpg</path>
	<source>
		<database>Unknown</database>
	</source>
	<size>
		<width>800</width>
		<height>800</height>
		<depth>3</depth>
	</size>
	<segmented>0</segmented>
	<object>
		<name>Mask</name>
		<pose>Unspecified</pose>
		<truncated>0</truncated>
		<difficult>0</difficult>
		<bndbox>
			<xmin>451</xmin>
			<ymin>128</ymin>
			<xmax>660</xmax>
			<ymax>343</ymax>
		</bndbox>
	</object>
</annotation>
