<annotation>
	<folder>mask</folder>
	<filename>Mask001.jpg</filename>
	<path>/home/ashing/Data_Mask/mask/Mask001.jpg</path>
	<source>
		<database>Unknown</database>
	</source>
	<size>
		<width>320</width>
		<height>180</height>
		<depth>3</depth>
	</size>
	<segmented>0</segmented>
	<object>
		<name>Mask</name>
		<pose>Unspecified</pose>
		<truncated>0</truncated>
		<difficult>0</difficult>
		<bndbox>
			<xmin>83</xmin>
			<ymin>9</ymin>
			<xmax>214</xmax>
			<ymax>172</ymax>
		</bndbox>
	</object>
</annotation>
