<annotation>
	<folder>mask</folder>
	<filename>Mask107.jpg</filename>
	<path>/home/ashing/Data_Mask/mask/Mask107.jpg</path>
	<source>
		<database>Unknown</database>
	</source>
	<size>
		<width>625</width>
		<height>444</height>
		<depth>3</depth>
	</size>
	<segmented>0</segmented>
	<object>
		<name>Mask</name>
		<pose>Unspecified</pose>
		<truncated>0</truncated>
		<difficult>0</difficult>
		<bndbox>
			<xmin>41</xmin>
			<ymin>98</ymin>
			<xmax>274</xmax>
			<ymax>404</ymax>
		</bndbox>
	</object>
	<object>
		<name>Mask</name>
		<pose>Unspecified</pose>
		<truncated>0</truncated>
		<difficult>0</difficult>
		<bndbox>
			<xmin>332</xmin>
			<ymin>79</ymin>
			<xmax>611</xmax>
			<ymax>411</ymax>
		</bndbox>
	</object>
</annotation>
