<annotation>
	<folder>mask</folder>
	<filename>Mask128.jpg</filename>
	<path>/home/ashing/Data_Mask/mask/Mask128.jpg</path>
	<source>
		<database>Unknown</database>
	</source>
	<size>
		<width>800</width>
		<height>533</height>
		<depth>3</depth>
	</size>
	<segmented>0</segmented>
	<object>
		<name>Mask</name>
		<pose>Unspecified</pose>
		<truncated>0</truncated>
		<difficult>0</difficult>
		<bndbox>
			<xmin>531</xmin>
			<ymin>130</ymin>
			<xmax>575</xmax>
			<ymax>181</ymax>
		</bndbox>
	</object>
</annotation>
