<annotation>
	<folder>mask</folder>
	<filename>Mask198.jpg</filename>
	<path>/home/ashing/Data_Mask/mask/Mask198.jpg</path>
	<source>
		<database>Unknown</database>
	</source>
	<size>
		<width>1500</width>
		<height>1500</height>
		<depth>3</depth>
	</size>
	<segmented>0</segmented>
	<object>
		<name>Mask</name>
		<pose>Unspecified</pose>
		<truncated>0</truncated>
		<difficult>0</difficult>
		<bndbox>
			<xmin>601</xmin>
			<ymin>341</ymin>
			<xmax>1281</xmax>
			<ymax>1125</ymax>
		</bndbox>
	</object>
</annotation>
