<annotation>
	<folder>mask</folder>
	<filename>Mask211.jpg</filename>
	<path>/home/ashing/Data_Mask/mask/Mask211.jpg</path>
	<source>
		<database>Unknown</database>
	</source>
	<size>
		<width>290</width>
		<height>174</height>
		<depth>3</depth>
	</size>
	<segmented>0</segmented>
	<object>
		<name>Mask</name>
		<pose>Unspecified</pose>
		<truncated>0</truncated>
		<difficult>0</difficult>
		<bndbox>
			<xmin>195</xmin>
			<ymin>17</ymin>
			<xmax>274</xmax>
			<ymax>113</ymax>
		</bndbox>
	</object>
	<object>
		<name>Mask</name>
		<pose>Unspecified</pose>
		<truncated>0</truncated>
		<difficult>0</difficult>
		<bndbox>
			<xmin>27</xmin>
			<ymin>12</ymin>
			<xmax>107</xmax>
			<ymax>102</ymax>
		</bndbox>
	</object>
</annotation>
