<annotation>
	<folder>mask</folder>
	<filename>Mask084.jpg</filename>
	<path>/home/ashing/Data_Mask/mask/Mask084.jpg</path>
	<source>
		<database>Unknown</database>
	</source>
	<size>
		<width>800</width>
		<height>419</height>
		<depth>3</depth>
	</size>
	<segmented>0</segmented>
	<object>
		<name>Mask</name>
		<pose>Unspecified</pose>
		<truncated>0</truncated>
		<difficult>0</difficult>
		<bndbox>
			<xmin>492</xmin>
			<ymin>31</ymin>
			<xmax>742</xmax>
			<ymax>322</ymax>
		</bndbox>
	</object>
</annotation>
