<annotation>
	<folder>mask</folder>
	<filename>Mask091.jpg</filename>
	<path>/home/ashing/Data_Mask/mask/Mask091.jpg</path>
	<source>
		<database>Unknown</database>
	</source>
	<size>
		<width>1024</width>
		<height>751</height>
		<depth>3</depth>
	</size>
	<segmented>0</segmented>
	<object>
		<name>Mask</name>
		<pose>Unspecified</pose>
		<truncated>0</truncated>
		<difficult>0</difficult>
		<bndbox>
			<xmin>563</xmin>
			<ymin>299</ymin>
			<xmax>731</xmax>
			<ymax>618</ymax>
		</bndbox>
	</object>
</annotation>
