<annotation>
	<folder>mask</folder>
	<filename>Mask328.jpg</filename>
	<path>/home/ashing/Data_Mask/mask/Mask328.jpg</path>
	<source>
		<database>Unknown</database>
	</source>
	<size>
		<width>1080</width>
		<height>1440</height>
		<depth>3</depth>
	</size>
	<segmented>0</segmented>
	<object>
		<name>Mask</name>
		<pose>Unspecified</pose>
		<truncated>0</truncated>
		<difficult>0</difficult>
		<bndbox>
			<xmin>629</xmin>
			<ymin>195</ymin>
			<xmax>762</xmax>
			<ymax>352</ymax>
		</bndbox>
	</object>
	<object>
		<name>Mask</name>
		<pose>Unspecified</pose>
		<truncated>0</truncated>
		<difficult>0</difficult>
		<bndbox>
			<xmin>284</xmin>
			<ymin>271</ymin>
			<xmax>385</xmax>
			<ymax>408</ymax>
		</bndbox>
	</object>
</annotation>
