<annotation>
	<folder>mask</folder>
	<filename>Mask113.jpg</filename>
	<path>/home/ashing/Data_Mask/mask/Mask113.jpg</path>
	<source>
		<database>Unknown</database>
	</source>
	<size>
		<width>350</width>
		<height>350</height>
		<depth>3</depth>
	</size>
	<segmented>0</segmented>
	<object>
		<name>Mask</name>
		<pose>Unspecified</pose>
		<truncated>0</truncated>
		<difficult>0</difficult>
		<bndbox>
			<xmin>35</xmin>
			<ymin>120</ymin>
			<xmax>229</xmax>
			<ymax>316</ymax>
		</bndbox>
	</object>
</annotation>
