<annotation>
	<folder>mask</folder>
	<filename>Mask212.jpg</filename>
	<path>/home/ashing/Data_Mask/mask/Mask212.jpg</path>
	<source>
		<database>Unknown</database>
	</source>
	<size>
		<width>300</width>
		<height>168</height>
		<depth>3</depth>
	</size>
	<segmented>0</segmented>
	<object>
		<name>Mask</name>
		<pose>Unspecified</pose>
		<truncated>0</truncated>
		<difficult>0</difficult>
		<bndbox>
			<xmin>153</xmin>
			<ymin>23</ymin>
			<xmax>260</xmax>
			<ymax>141</ymax>
		</bndbox>
	</object>
</annotation>
