<annotation>
	<folder>mask</folder>
	<filename>Mask277.jpg</filename>
	<path>/home/ashing/Data_Mask/mask/Mask277.jpg</path>
	<source>
		<database>Unknown</database>
	</source>
	<size>
		<width>1500</width>
		<height>1500</height>
		<depth>3</depth>
	</size>
	<segmented>0</segmented>
	<object>
		<name>Mask</name>
		<pose>Unspecified</pose>
		<truncated>0</truncated>
		<difficult>0</difficult>
		<bndbox>
			<xmin>731</xmin>
			<ymin>414</ymin>
			<xmax>1137</xmax>
			<ymax>1064</ymax>
		</bndbox>
	</object>
</annotation>
