<annotation>
	<folder>mask</folder>
	<filename>Mask169.jpg</filename>
	<path>/home/ashing/Data_Mask/mask/Mask169.jpg</path>
	<source>
		<database>Unknown</database>
	</source>
	<size>
		<width>1260</width>
		<height>844</height>
		<depth>3</depth>
	</size>
	<segmented>0</segmented>
	<object>
		<name>Mask</name>
		<pose>Unspecified</pose>
		<truncated>0</truncated>
		<difficult>0</difficult>
		<bndbox>
			<xmin>491</xmin>
			<ymin>111</ymin>
			<xmax>798</xmax>
			<ymax>499</ymax>
		</bndbox>
	</object>
</annotation>
