<annotation>
	<folder>mask</folder>
	<filename>Mask121.jpg</filename>
	<path>/home/ashing/Data_Mask/mask/Mask121.jpg</path>
	<source>
		<database>Unknown</database>
	</source>
	<size>
		<width>800</width>
		<height>533</height>
		<depth>3</depth>
	</size>
	<segmented>0</segmented>
	<object>
		<name>Mask</name>
		<pose>Unspecified</pose>
		<truncated>0</truncated>
		<difficult>0</difficult>
		<bndbox>
			<xmin>229</xmin>
			<ymin>181</ymin>
			<xmax>534</xmax>
			<ymax>504</ymax>
		</bndbox>
	</object>
</annotation>
