<annotation>
	<folder>mask</folder>
	<filename>Mask205.jpg</filename>
	<path>/home/ashing/Data_Mask/mask/Mask205.jpg</path>
	<source>
		<database>Unknown</database>
	</source>
	<size>
		<width>311</width>
		<height>162</height>
		<depth>3</depth>
	</size>
	<segmented>0</segmented>
	<object>
		<name>Mask</name>
		<pose>Unspecified</pose>
		<truncated>0</truncated>
		<difficult>0</difficult>
		<bndbox>
			<xmin>52</xmin>
			<ymin>25</ymin>
			<xmax>109</xmax>
			<ymax>105</ymax>
		</bndbox>
	</object>
</annotation>
