<annotation>
	<folder>mask</folder>
	<filename>Mask320.jpg</filename>
	<path>/home/ashing/Data_Mask/mask/Mask320.jpg</path>
	<source>
		<database>Unknown</database>
	</source>
	<size>
		<width>320</width>
		<height>180</height>
		<depth>3</depth>
	</size>
	<segmented>0</segmented>
	<object>
		<name>Mask</name>
		<pose>Unspecified</pose>
		<truncated>0</truncated>
		<difficult>0</difficult>
		<bndbox>
			<xmin>188</xmin>
			<ymin>51</ymin>
			<xmax>243</xmax>
			<ymax>99</ymax>
		</bndbox>
	</object>
	<object>
		<name>Mask</name>
		<pose>Unspecified</pose>
		<truncated>0</truncated>
		<difficult>0</difficult>
		<bndbox>
			<xmin>151</xmin>
			<ymin>75</ymin>
			<xmax>185</xmax>
			<ymax>115</ymax>
		</bndbox>
	</object>
</annotation>
