<annotation>
	<folder>mask</folder>
	<filename>Mask193.jpg</filename>
	<path>/home/ashing/Data_Mask/mask/Mask193.jpg</path>
	<source>
		<database>Unknown</database>
	</source>
	<size>
		<width>1000</width>
		<height>1000</height>
		<depth>3</depth>
	</size>
	<segmented>0</segmented>
	<object>
		<name>Mask</name>
		<pose>Unspecified</pose>
		<truncated>0</truncated>
		<difficult>0</difficult>
		<bndbox>
			<xmin>753</xmin>
			<ymin>259</ymin>
			<xmax>955</xmax>
			<ymax>470</ymax>
		</bndbox>
	</object>
</annotation>
