<annotation>
	<folder>mask</folder>
	<filename>Mask208.jpg</filename>
	<path>/home/ashing/Data_Mask/mask/Mask208.jpg</path>
	<source>
		<database>Unknown</database>
	</source>
	<size>
		<width>259</width>
		<height>194</height>
		<depth>3</depth>
	</size>
	<segmented>0</segmented>
	<object>
		<name>Mask</name>
		<pose>Unspecified</pose>
		<truncated>0</truncated>
		<difficult>0</difficult>
		<bndbox>
			<xmin>93</xmin>
			<ymin>37</ymin>
			<xmax>180</xmax>
			<ymax>154</ymax>
		</bndbox>
	</object>
</annotation>
