<annotation>
	<folder>mask</folder>
	<filename>Mask054.jpg</filename>
	<path>/home/ashing/Data_Mask/mask/Mask054.jpg</path>
	<source>
		<database>Unknown</database>
	</source>
	<size>
		<width>842</width>
		<height>842</height>
		<depth>3</depth>
	</size>
	<segmented>0</segmented>
	<object>
		<name>Mask</name>
		<pose>Unspecified</pose>
		<truncated>0</truncated>
		<difficult>0</difficult>
		<bndbox>
			<xmin>304</xmin>
			<ymin>196</ymin>
			<xmax>741</xmax>
			<ymax>751</ymax>
		</bndbox>
	</object>
</annotation>
