<annotation>
	<folder>mask</folder>
	<filename>Mask149.jpg</filename>
	<path>/home/ashing/Data_Mask/mask/Mask149.jpg</path>
	<source>
		<database>Unknown</database>
	</source>
	<size>
		<width>850</width>
		<height>478</height>
		<depth>3</depth>
	</size>
	<segmented>0</segmented>
	<object>
		<name>Mask</name>
		<pose>Unspecified</pose>
		<truncated>0</truncated>
		<difficult>0</difficult>
		<bndbox>
			<xmin>287</xmin>
			<ymin>77</ymin>
			<xmax>455</xmax>
			<ymax>303</ymax>
		</bndbox>
	</object>
</annotation>
