<annotation>
	<folder>mask</folder>
	<filename>Mask057.jpg</filename>
	<path>/home/ashing/Data_Mask/mask/Mask057.jpg</path>
	<source>
		<database>Unknown</database>
	</source>
	<size>
		<width>800</width>
		<height>800</height>
		<depth>3</depth>
	</size>
	<segmented>0</segmented>
	<object>
		<name>Mask</name>
		<pose>Unspecified</pose>
		<truncated>0</truncated>
		<difficult>0</difficult>
		<bndbox>
			<xmin>48</xmin>
			<ymin>49</ymin>
			<xmax>263</xmax>
			<ymax>372</ymax>
		</bndbox>
	</object>
</annotation>
