<annotation>
	<folder>mask</folder>
	<filename>Mask231.jpg</filename>
	<path>/home/ashing/Data_Mask/mask/Mask231.jpg</path>
	<source>
		<database>Unknown</database>
	</source>
	<size>
		<width>225</width>
		<height>225</height>
		<depth>3</depth>
	</size>
	<segmented>0</segmented>
	<object>
		<name>Mask</name>
		<pose>Unspecified</pose>
		<truncated>0</truncated>
		<difficult>0</difficult>
		<bndbox>
			<xmin>73</xmin>
			<ymin>40</ymin>
			<xmax>162</xmax>
			<ymax>162</ymax>
		</bndbox>
	</object>
</annotation>
