<annotation>
	<folder>mask</folder>
	<filename>Mask079.jpg</filename>
	<path>/home/ashing/Data_Mask/mask/Mask079.jpg</path>
	<source>
		<database>Unknown</database>
	</source>
	<size>
		<width>300</width>
		<height>300</height>
		<depth>3</depth>
	</size>
	<segmented>0</segmented>
	<object>
		<name>Mask</name>
		<pose>Unspecified</pose>
		<truncated>0</truncated>
		<difficult>0</difficult>
		<bndbox>
			<xmin>97</xmin>
			<ymin>4</ymin>
			<xmax>225</xmax>
			<ymax>162</ymax>
		</bndbox>
	</object>
</annotation>
