<annotation>
	<folder>mask</folder>
	<filename>Mask036.jpg</filename>
	<path>/home/ashing/Data_Mask/mask/Mask036.jpg</path>
	<source>
		<database>Unknown</database>
	</source>
	<size>
		<width>1200</width>
		<height>675</height>
		<depth>3</depth>
	</size>
	<segmented>0</segmented>
	<object>
		<name>Mask</name>
		<pose>Unspecified</pose>
		<truncated>0</truncated>
		<difficult>0</difficult>
		<bndbox>
			<xmin>249</xmin>
			<ymin>138</ymin>
			<xmax>508</xmax>
			<ymax>464</ymax>
		</bndbox>
	</object>
</annotation>
