<annotation>
	<folder>mask</folder>
	<filename>Mask155.jpg</filename>
	<path>/home/ashing/Data_Mask/mask/Mask155.jpg</path>
	<source>
		<database>Unknown</database>
	</source>
	<size>
		<width>700</width>
		<height>700</height>
		<depth>3</depth>
	</size>
	<segmented>0</segmented>
	<object>
		<name>Mask</name>
		<pose>Unspecified</pose>
		<truncated>0</truncated>
		<difficult>0</difficult>
		<bndbox>
			<xmin>185</xmin>
			<ymin>9</ymin>
			<xmax>670</xmax>
			<ymax>584</ymax>
		</bndbox>
	</object>
</annotation>
