<annotation>
	<folder>mask</folder>
	<filename>Mask251.jpg</filename>
	<path>/home/ashing/Data_Mask/mask/Mask251.jpg</path>
	<source>
		<database>Unknown</database>
	</source>
	<size>
		<width>1200</width>
		<height>675</height>
		<depth>3</depth>
	</size>
	<segmented>0</segmented>
	<object>
		<name>Mask</name>
		<pose>Unspecified</pose>
		<truncated>0</truncated>
		<difficult>0</difficult>
		<bndbox>
			<xmin>509</xmin>
			<ymin>418</ymin>
			<xmax>658</xmax>
			<ymax>598</ymax>
		</bndbox>
	</object>
	<object>
		<name>Mask</name>
		<pose>Unspecified</pose>
		<truncated>0</truncated>
		<difficult>0</difficult>
		<bndbox>
			<xmin>479</xmin>
			<ymin>231</ymin>
			<xmax>543</xmax>
			<ymax>327</ymax>
		</bndbox>
	</object>
</annotation>
