<annotation>
	<folder>mask</folder>
	<filename>Mask040.jpg</filename>
	<path>/home/ashing/Data_Mask/mask/Mask040.jpg</path>
	<source>
		<database>Unknown</database>
	</source>
	<size>
		<width>236</width>
		<height>387</height>
		<depth>3</depth>
	</size>
	<segmented>0</segmented>
	<object>
		<name>Mask</name>
		<pose>Unspecified</pose>
		<truncated>0</truncated>
		<difficult>0</difficult>
		<bndbox>
			<xmin>91</xmin>
			<ymin>203</ymin>
			<xmax>185</xmax>
			<ymax>330</ymax>
		</bndbox>
	</object>
</annotation>
