<annotation>
	<folder>mask</folder>
	<filename>Mask136.jpg</filename>
	<path>/home/ashing/Data_Mask/mask/Mask136.jpg</path>
	<source>
		<database>Unknown</database>
	</source>
	<size>
		<width>1478</width>
		<height>1108</height>
		<depth>3</depth>
	</size>
	<segmented>0</segmented>
	<object>
		<name>Mask</name>
		<pose>Unspecified</pose>
		<truncated>0</truncated>
		<difficult>0</difficult>
		<bndbox>
			<xmin>435</xmin>
			<ymin>136</ymin>
			<xmax>665</xmax>
			<ymax>380</ymax>
		</bndbox>
	</object>
</annotation>
