<annotation>
	<folder>mask</folder>
	<filename>Mask061.jpg</filename>
	<path>/home/ashing/Data_Mask/mask/Mask061.jpg</path>
	<source>
		<database>Unknown</database>
	</source>
	<size>
		<width>1000</width>
		<height>1000</height>
		<depth>3</depth>
	</size>
	<segmented>0</segmented>
	<object>
		<name>Mask</name>
		<pose>Unspecified</pose>
		<truncated>0</truncated>
		<difficult>0</difficult>
		<bndbox>
			<xmin>620</xmin>
			<ymin>241</ymin>
			<xmax>892</xmax>
			<ymax>583</ymax>
		</bndbox>
	</object>
</annotation>
