<annotation>
	<folder>mask</folder>
	<filename>Mask166.jpg</filename>
	<path>/home/ashing/Data_Mask/mask/Mask166.jpg</path>
	<source>
		<database>Unknown</database>
	</source>
	<size>
		<width>1000</width>
		<height>1000</height>
		<depth>3</depth>
	</size>
	<segmented>0</segmented>
	<object>
		<name>Mask</name>
		<pose>Unspecified</pose>
		<truncated>0</truncated>
		<difficult>0</difficult>
		<bndbox>
			<xmin>126</xmin>
			<ymin>162</ymin>
			<xmax>414</xmax>
			<ymax>542</ymax>
		</bndbox>
	</object>
</annotation>
