<annotation>
	<folder>mask</folder>
	<filename>Mask015.jpeg</filename>
	<path>/home/ashing/Data_Mask/mask/Mask015.jpeg</path>
	<source>
		<database>Unknown</database>
	</source>
	<size>
		<width>640</width>
		<height>961</height>
		<depth>3</depth>
	</size>
	<segmented>0</segmented>
	<object>
		<name>Mask</name>
		<pose>Unspecified</pose>
		<truncated>0</truncated>
		<difficult>0</difficult>
		<bndbox>
			<xmin>150</xmin>
			<ymin>112</ymin>
			<xmax>342</xmax>
			<ymax>343</ymax>
		</bndbox>
	</object>
	<object>
		<name>No_Mask</name>
		<pose>Unspecified</pose>
		<truncated>0</truncated>
		<difficult>0</difficult>
		<bndbox>
			<xmin>528</xmin>
			<ymin>264</ymin>
			<xmax>629</xmax>
			<ymax>397</ymax>
		</bndbox>
	</object>
</annotation>
