<annotation>
	<folder>mask</folder>
	<filename>Mask142.jpg</filename>
	<path>/home/ashing/Data_Mask/mask/Mask142.jpg</path>
	<source>
		<database>Unknown</database>
	</source>
	<size>
		<width>780</width>
		<height>438</height>
		<depth>3</depth>
	</size>
	<segmented>0</segmented>
	<object>
		<name>Mask</name>
		<pose>Unspecified</pose>
		<truncated>0</truncated>
		<difficult>0</difficult>
		<bndbox>
			<xmin>376</xmin>
			<ymin>123</ymin>
			<xmax>506</xmax>
			<ymax>263</ymax>
		</bndbox>
	</object>
	<object>
		<name>Mask</name>
		<pose>Unspecified</pose>
		<truncated>0</truncated>
		<difficult>0</difficult>
		<bndbox>
			<xmin>557</xmin>
			<ymin>201</ymin>
			<xmax>629</xmax>
			<ymax>291</ymax>
		</bndbox>
	</object>
	<object>
		<name>No_Mask</name>
		<pose>Unspecified</pose>
		<truncated>0</truncated>
		<difficult>0</difficult>
		<bndbox>
			<xmin>690</xmin>
			<ymin>130</ymin>
			<xmax>745</xmax>
			<ymax>201</ymax>
		</bndbox>
	</object>
</annotation>
