<annotation>
	<folder>mask</folder>
	<filename>Mask052.jpg</filename>
	<path>/home/ashing/Data_Mask/mask/Mask052.jpg</path>
	<source>
		<database>Unknown</database>
	</source>
	<size>
		<width>1200</width>
		<height>675</height>
		<depth>3</depth>
	</size>
	<segmented>0</segmented>
	<object>
		<name>Mask</name>
		<pose>Unspecified</pose>
		<truncated>0</truncated>
		<difficult>0</difficult>
		<bndbox>
			<xmin>193</xmin>
			<ymin>61</ymin>
			<xmax>458</xmax>
			<ymax>375</ymax>
		</bndbox>
	</object>
	<object>
		<name>Mask</name>
		<pose>Unspecified</pose>
		<truncated>0</truncated>
		<difficult>0</difficult>
		<bndbox>
			<xmin>666</xmin>
			<ymin>300</ymin>
			<xmax>913</xmax>
			<ymax>594</ymax>
		</bndbox>
	</object>
</annotation>
