<annotation>
	<folder>mask</folder>
	<filename>Mask042.jpg</filename>
	<path>/home/ashing/Data_Mask/mask/Mask042.jpg</path>
	<source>
		<database>Unknown</database>
	</source>
	<size>
		<width>800</width>
		<height>421</height>
		<depth>3</depth>
	</size>
	<segmented>0</segmented>
	<object>
		<name>Mask</name>
		<pose>Unspecified</pose>
		<truncated>0</truncated>
		<difficult>0</difficult>
		<bndbox>
			<xmin>64</xmin>
			<ymin>66</ymin>
			<xmax>250</xmax>
			<ymax>311</ymax>
		</bndbox>
	</object>
</annotation>
