<annotation>
	<folder>mask</folder>
	<filename>Mask153.jpg</filename>
	<path>/home/ashing/Data_Mask/mask/Mask153.jpg</path>
	<source>
		<database>Unknown</database>
	</source>
	<size>
		<width>900</width>
		<height>943</height>
		<depth>3</depth>
	</size>
	<segmented>0</segmented>
	<object>
		<name>Mask</name>
		<pose>Unspecified</pose>
		<truncated>0</truncated>
		<difficult>0</difficult>
		<bndbox>
			<xmin>465</xmin>
			<ymin>252</ymin>
			<xmax>698</xmax>
			<ymax>466</ymax>
		</bndbox>
	</object>
	<object>
		<name>Mask</name>
		<pose>Unspecified</pose>
		<truncated>0</truncated>
		<difficult>0</difficult>
		<bndbox>
			<xmin>338</xmin>
			<ymin>135</ymin>
			<xmax>540</xmax>
			<ymax>375</ymax>
		</bndbox>
	</object>
</annotation>
