<annotation>
	<folder>mask</folder>
	<filename>Mask139.jpg</filename>
	<path>/home/ashing/Data_Mask/mask/Mask139.jpg</path>
	<source>
		<database>Unknown</database>
	</source>
	<size>
		<width>650</width>
		<height>340</height>
		<depth>3</depth>
	</size>
	<segmented>0</segmented>
	<object>
		<name>Mask</name>
		<pose>Unspecified</pose>
		<truncated>0</truncated>
		<difficult>0</difficult>
		<bndbox>
			<xmin>361</xmin>
			<ymin>67</ymin>
			<xmax>510</xmax>
			<ymax>202</ymax>
		</bndbox>
	</object>
</annotation>
