<annotation>
	<folder>mask</folder>
	<filename>Mask181.jpg</filename>
	<path>/home/ashing/Data_Mask/mask/Mask181.jpg</path>
	<source>
		<database>Unknown</database>
	</source>
	<size>
		<width>680</width>
		<height>383</height>
		<depth>3</depth>
	</size>
	<segmented>0</segmented>
	<object>
		<name>Mask</name>
		<pose>Unspecified</pose>
		<truncated>0</truncated>
		<difficult>0</difficult>
		<bndbox>
			<xmin>215</xmin>
			<ymin>40</ymin>
			<xmax>266</xmax>
			<ymax>112</ymax>
		</bndbox>
	</object>
</annotation>
