<annotation>
	<folder>mask</folder>
	<filename>Mask232.jpg</filename>
	<path>/home/ashing/Data_Mask/mask/Mask232.jpg</path>
	<source>
		<database>Unknown</database>
	</source>
	<size>
		<width>225</width>
		<height>225</height>
		<depth>3</depth>
	</size>
	<segmented>0</segmented>
	<object>
		<name>Mask</name>
		<pose>Unspecified</pose>
		<truncated>0</truncated>
		<difficult>0</difficult>
		<bndbox>
			<xmin>28</xmin>
			<ymin>14</ymin>
			<xmax>156</xmax>
			<ymax>199</ymax>
		</bndbox>
	</object>
</annotation>
