<annotation>
	<folder>mask</folder>
	<filename>Mask041.jpg</filename>
	<path>/home/ashing/Data_Mask/mask/Mask041.jpg</path>
	<source>
		<database>Unknown</database>
	</source>
	<size>
		<width>1410</width>
		<height>503</height>
		<depth>3</depth>
	</size>
	<segmented>0</segmented>
	<object>
		<name>Mask</name>
		<pose>Unspecified</pose>
		<truncated>1</truncated>
		<difficult>0</difficult>
		<bndbox>
			<xmin>1056</xmin>
			<ymin>15</ymin>
			<xmax>1410</xmax>
			<ymax>437</ymax>
		</bndbox>
	</object>
</annotation>
