<annotation>
	<folder>mask</folder>
	<filename>Mask008.jpg</filename>
	<path>/home/ashing/Data_Mask/mask/Mask008.jpg</path>
	<source>
		<database>Unknown</database>
	</source>
	<size>
		<width>1080</width>
		<height>720</height>
		<depth>3</depth>
	</size>
	<segmented>0</segmented>
	<object>
		<name>Mask</name>
		<pose>Unspecified</pose>
		<truncated>0</truncated>
		<difficult>0</difficult>
		<bndbox>
			<xmin>601</xmin>
			<ymin>136</ymin>
			<xmax>758</xmax>
			<ymax>291</ymax>
		</bndbox>
	</object>
	<object>
		<name>Mask</name>
		<pose>Unspecified</pose>
		<truncated>0</truncated>
		<difficult>0</difficult>
		<bndbox>
			<xmin>151</xmin>
			<ymin>50</ymin>
			<xmax>255</xmax>
			<ymax>192</ymax>
		</bndbox>
	</object>
	<object>
		<name>No_Mask</name>
		<pose>Unspecified</pose>
		<truncated>0</truncated>
		<difficult>0</difficult>
		<bndbox>
			<xmin>866</xmin>
			<ymin>223</ymin>
			<xmax>969</xmax>
			<ymax>369</ymax>
		</bndbox>
	</object>
</annotation>
