<annotation>
	<folder>mask</folder>
	<filename>Mask261.jpg</filename>
	<path>/home/ashing/Data_Mask/mask/Mask261.jpg</path>
	<source>
		<database>Unknown</database>
	</source>
	<size>
		<width>644</width>
		<height>465</height>
		<depth>3</depth>
	</size>
	<segmented>0</segmented>
	<object>
		<name>Mask</name>
		<pose>Unspecified</pose>
		<truncated>0</truncated>
		<difficult>0</difficult>
		<bndbox>
			<xmin>199</xmin>
			<ymin>58</ymin>
			<xmax>442</xmax>
			<ymax>370</ymax>
		</bndbox>
	</object>
</annotation>
