<annotation>
	<folder>mask</folder>
	<filename>Mask025.jpg</filename>
	<path>/home/ashing/Data_Mask/mask/Mask025.jpg</path>
	<source>
		<database>Unknown</database>
	</source>
	<size>
		<width>410</width>
		<height>230</height>
		<depth>3</depth>
	</size>
	<segmented>0</segmented>
	<object>
		<name>Mask</name>
		<pose>Unspecified</pose>
		<truncated>0</truncated>
		<difficult>0</difficult>
		<bndbox>
			<xmin>195</xmin>
			<ymin>22</ymin>
			<xmax>272</xmax>
			<ymax>125</ymax>
		</bndbox>
	</object>
	<object>
		<name>Mask</name>
		<pose>Unspecified</pose>
		<truncated>0</truncated>
		<difficult>0</difficult>
		<bndbox>
			<xmin>108</xmin>
			<ymin>108</ymin>
			<xmax>159</xmax>
			<ymax>177</ymax>
		</bndbox>
	</object>
</annotation>
