<annotation>
	<folder>mask</folder>
	<filename>Mask217.jpg</filename>
	<path>/home/ashing/Data_Mask/mask/Mask217.jpg</path>
	<source>
		<database>Unknown</database>
	</source>
	<size>
		<width>224</width>
		<height>224</height>
		<depth>3</depth>
	</size>
	<segmented>0</segmented>
	<object>
		<name>Mask</name>
		<pose>Unspecified</pose>
		<truncated>0</truncated>
		<difficult>0</difficult>
		<bndbox>
			<xmin>102</xmin>
			<ymin>38</ymin>
			<xmax>187</xmax>
			<ymax>153</ymax>
		</bndbox>
	</object>
</annotation>
