<annotation>
	<folder>mask</folder>
	<filename>Mask037.jpg</filename>
	<path>/home/ashing/Data_Mask/mask/Mask037.jpg</path>
	<source>
		<database>Unknown</database>
	</source>
	<size>
		<width>610</width>
		<height>350</height>
		<depth>3</depth>
	</size>
	<segmented>0</segmented>
	<object>
		<name>Mask</name>
		<pose>Unspecified</pose>
		<truncated>0</truncated>
		<difficult>0</difficult>
		<bndbox>
			<xmin>317</xmin>
			<ymin>75</ymin>
			<xmax>447</xmax>
			<ymax>199</ymax>
		</bndbox>
	</object>
	<object>
		<name>No_Mask</name>
		<pose>Unspecified</pose>
		<truncated>0</truncated>
		<difficult>0</difficult>
		<bndbox>
			<xmin>63</xmin>
			<ymin>32</ymin>
			<xmax>158</xmax>
			<ymax>147</ymax>
		</bndbox>
	</object>
</annotation>
