<annotation>
	<folder>mask</folder>
	<filename>Mask071.jpg</filename>
	<path>/home/ashing/Data_Mask/mask/Mask071.jpg</path>
	<source>
		<database>Unknown</database>
	</source>
	<size>
		<width>654</width>
		<height>654</height>
		<depth>3</depth>
	</size>
	<segmented>0</segmented>
	<object>
		<name>Mask</name>
		<pose>Unspecified</pose>
		<truncated>0</truncated>
		<difficult>0</difficult>
		<bndbox>
			<xmin>87</xmin>
			<ymin>198</ymin>
			<xmax>308</xmax>
			<ymax>473</ymax>
		</bndbox>
	</object>
</annotation>
