<annotation>
	<folder>mask</folder>
	<filename>Mask294.jpg</filename>
	<path>/home/ashing/Data_Mask/mask/Mask294.jpg</path>
	<source>
		<database>Unknown</database>
	</source>
	<size>
		<width>450</width>
		<height>450</height>
		<depth>3</depth>
	</size>
	<segmented>0</segmented>
	<object>
		<name>Mask</name>
		<pose>Unspecified</pose>
		<truncated>0</truncated>
		<difficult>0</difficult>
		<bndbox>
			<xmin>139</xmin>
			<ymin>168</ymin>
			<xmax>291</xmax>
			<ymax>343</ymax>
		</bndbox>
	</object>
</annotation>
