<annotation>
	<folder>mask</folder>
	<filename>Mask023.jpg</filename>
	<path>/home/ashing/Data_Mask/mask/Mask023.jpg</path>
	<source>
		<database>Unknown</database>
	</source>
	<size>
		<width>976</width>
		<height>549</height>
		<depth>3</depth>
	</size>
	<segmented>0</segmented>
	<object>
		<name>Mask</name>
		<pose>Unspecified</pose>
		<truncated>0</truncated>
		<difficult>0</difficult>
		<bndbox>
			<xmin>298</xmin>
			<ymin>101</ymin>
			<xmax>486</xmax>
			<ymax>405</ymax>
		</bndbox>
	</object>
</annotation>
