<annotation>
	<folder>mask</folder>
	<filename>Mask120.jpg</filename>
	<path>/home/ashing/Data_Mask/mask/Mask120.jpg</path>
	<source>
		<database>Unknown</database>
	</source>
	<size>
		<width>640</width>
		<height>640</height>
		<depth>3</depth>
	</size>
	<segmented>0</segmented>
	<object>
		<name>Mask</name>
		<pose>Unspecified</pose>
		<truncated>0</truncated>
		<difficult>0</difficult>
		<bndbox>
			<xmin>348</xmin>
			<ymin>19</ymin>
			<xmax>624</xmax>
			<ymax>354</ymax>
		</bndbox>
	</object>
	<object>
		<name>Mask</name>
		<pose>Unspecified</pose>
		<truncated>0</truncated>
		<difficult>0</difficult>
		<bndbox>
			<xmin>4</xmin>
			<ymin>248</ymin>
			<xmax>224</xmax>
			<ymax>525</ymax>
		</bndbox>
	</object>
</annotation>
