<annotation>
	<folder>mask</folder>
	<filename>Mask029.jpg</filename>
	<path>/home/ashing/Data_Mask/mask/Mask029.jpg</path>
	<source>
		<database>Unknown</database>
	</source>
	<size>
		<width>360</width>
		<height>360</height>
		<depth>3</depth>
	</size>
	<segmented>0</segmented>
	<object>
		<name>Mask</name>
		<pose>Unspecified</pose>
		<truncated>0</truncated>
		<difficult>0</difficult>
		<bndbox>
			<xmin>79</xmin>
			<ymin>67</ymin>
			<xmax>240</xmax>
			<ymax>266</ymax>
		</bndbox>
	</object>
</annotation>
