<annotation>
	<folder>mask</folder>
	<filename>Mask167.jpg</filename>
	<path>/home/ashing/Data_Mask/mask/Mask167.jpg</path>
	<source>
		<database>Unknown</database>
	</source>
	<size>
		<width>450</width>
		<height>450</height>
		<depth>3</depth>
	</size>
	<segmented>0</segmented>
	<object>
		<name>Mask</name>
		<pose>Unspecified</pose>
		<truncated>0</truncated>
		<difficult>0</difficult>
		<bndbox>
			<xmin>140</xmin>
			<ymin>102</ymin>
			<xmax>231</xmax>
			<ymax>223</ymax>
		</bndbox>
	</object>
</annotation>
