<annotation>
	<folder>mask</folder>
	<filename>Mask288.jpg</filename>
	<path>/home/ashing/Data_Mask/mask/Mask288.jpg</path>
	<source>
		<database>Unknown</database>
	</source>
	<size>
		<width>600</width>
		<height>313</height>
		<depth>3</depth>
	</size>
	<segmented>0</segmented>
	<object>
		<name>Mask</name>
		<pose>Unspecified</pose>
		<truncated>0</truncated>
		<difficult>0</difficult>
		<bndbox>
			<xmin>344</xmin>
			<ymin>45</ymin>
			<xmax>451</xmax>
			<ymax>194</ymax>
		</bndbox>
	</object>
	<object>
		<name>No_Mask</name>
		<pose>Unspecified</pose>
		<truncated>0</truncated>
		<difficult>0</difficult>
		<bndbox>
			<xmin>146</xmin>
			<ymin>70</ymin>
			<xmax>244</xmax>
			<ymax>181</ymax>
		</bndbox>
	</object>
</annotation>
