<annotation>
	<folder>mask</folder>
	<filename>Mask059.jpg</filename>
	<path>/home/ashing/Data_Mask/mask/Mask059.jpg</path>
	<source>
		<database>Unknown</database>
	</source>
	<size>
		<width>460</width>
		<height>460</height>
		<depth>3</depth>
	</size>
	<segmented>0</segmented>
	<object>
		<name>Mask</name>
		<pose>Unspecified</pose>
		<truncated>1</truncated>
		<difficult>0</difficult>
		<bndbox>
			<xmin>70</xmin>
			<ymin>1</ymin>
			<xmax>442</xmax>
			<ymax>261</ymax>
		</bndbox>
	</object>
</annotation>
