<annotation>
	<folder>mask</folder>
	<filename>Mask018.jpg</filename>
	<path>/home/ashing/Data_Mask/mask/Mask018.jpg</path>
	<source>
		<database>Unknown</database>
	</source>
	<size>
		<width>300</width>
		<height>168</height>
		<depth>3</depth>
	</size>
	<segmented>0</segmented>
	<object>
		<name>Mask</name>
		<pose>Unspecified</pose>
		<truncated>0</truncated>
		<difficult>0</difficult>
		<bndbox>
			<xmin>114</xmin>
			<ymin>34</ymin>
			<xmax>207</xmax>
			<ymax>151</ymax>
		</bndbox>
	</object>
</annotation>
