<annotation>
	<folder>mask</folder>
	<filename>Mask150.jpg</filename>
	<path>/home/ashing/Data_Mask/mask/Mask150.jpg</path>
	<source>
		<database>Unknown</database>
	</source>
	<size>
		<width>1060</width>
		<height>596</height>
		<depth>3</depth>
	</size>
	<segmented>0</segmented>
	<object>
		<name>Mask</name>
		<pose>Unspecified</pose>
		<truncated>0</truncated>
		<difficult>0</difficult>
		<bndbox>
			<xmin>363</xmin>
			<ymin>120</ymin>
			<xmax>565</xmax>
			<ymax>346</ymax>
		</bndbox>
	</object>
</annotation>
