<annotation>
	<folder>mask</folder>
	<filename>Mask329.jpg</filename>
	<path>/home/ashing/Data_Mask/mask/Mask329.jpg</path>
	<source>
		<database>Unknown</database>
	</source>
	<size>
		<width>1204</width>
		<height>677</height>
		<depth>3</depth>
	</size>
	<segmented>0</segmented>
	<object>
		<name>Mask</name>
		<pose>Unspecified</pose>
		<truncated>0</truncated>
		<difficult>0</difficult>
		<bndbox>
			<xmin>739</xmin>
			<ymin>99</ymin>
			<xmax>820</xmax>
			<ymax>211</ymax>
		</bndbox>
	</object>
	<object>
		<name>Mask</name>
		<pose>Unspecified</pose>
		<truncated>0</truncated>
		<difficult>0</difficult>
		<bndbox>
			<xmin>349</xmin>
			<ymin>133</ymin>
			<xmax>411</xmax>
			<ymax>213</ymax>
		</bndbox>
	</object>
	<object>
		<name>No_Mask</name>
		<pose>Unspecified</pose>
		<truncated>0</truncated>
		<difficult>0</difficult>
		<bndbox>
			<xmin>151</xmin>
			<ymin>114</ymin>
			<xmax>206</xmax>
			<ymax>177</ymax>
		</bndbox>
	</object>
	<object>
		<name>No_Mask</name>
		<pose>Unspecified</pose>
		<truncated>0</truncated>
		<difficult>0</difficult>
		<bndbox>
			<xmin>582</xmin>
			<ymin>253</ymin>
			<xmax>605</xmax>
			<ymax>282</ymax>
		</bndbox>
	</object>
</annotation>
