<annotation>
	<folder>mask</folder>
	<filename>Mask238.jpg</filename>
	<path>/home/ashing/Data_Mask/mask/Mask238.jpg</path>
	<source>
		<database>Unknown</database>
	</source>
	<size>
		<width>1996</width>
		<height>1086</height>
		<depth>3</depth>
	</size>
	<segmented>0</segmented>
	<object>
		<name>Mask</name>
		<pose>Unspecified</pose>
		<truncated>0</truncated>
		<difficult>0</difficult>
		<bndbox>
			<xmin>685</xmin>
			<ymin>12</ymin>
			<xmax>1262</xmax>
			<ymax>637</ymax>
		</bndbox>
	</object>
</annotation>
