<annotation>
	<folder>mask</folder>
	<filename>Mask195.jpg</filename>
	<path>/home/ashing/Data_Mask/mask/Mask195.jpg</path>
	<source>
		<database>Unknown</database>
	</source>
	<size>
		<width>1920</width>
		<height>1440</height>
		<depth>3</depth>
	</size>
	<segmented>0</segmented>
	<object>
		<name>Mask</name>
		<pose>Unspecified</pose>
		<truncated>0</truncated>
		<difficult>0</difficult>
		<bndbox>
			<xmin>1284</xmin>
			<ymin>408</ymin>
			<xmax>1489</xmax>
			<ymax>641</ymax>
		</bndbox>
	</object>
</annotation>
