<annotation>
	<folder>mask</folder>
	<filename>Mask164.jpg</filename>
	<path>/home/ashing/Data_Mask/mask/Mask164.jpg</path>
	<source>
		<database>Unknown</database>
	</source>
	<size>
		<width>610</width>
		<height>350</height>
		<depth>3</depth>
	</size>
	<segmented>0</segmented>
	<object>
		<name>Mask</name>
		<pose>Unspecified</pose>
		<truncated>0</truncated>
		<difficult>0</difficult>
		<bndbox>
			<xmin>284</xmin>
			<ymin>79</ymin>
			<xmax>339</xmax>
			<ymax>145</ymax>
		</bndbox>
	</object>
</annotation>
