<annotation>
	<folder>mask</folder>
	<filename>Mask241.jpg</filename>
	<path>/home/ashing/Data_Mask/mask/Mask241.jpg</path>
	<source>
		<database>Unknown</database>
	</source>
	<size>
		<width>1140</width>
		<height>855</height>
		<depth>3</depth>
	</size>
	<segmented>0</segmented>
	<object>
		<name>Mask</name>
		<pose>Unspecified</pose>
		<truncated>0</truncated>
		<difficult>0</difficult>
		<bndbox>
			<xmin>644</xmin>
			<ymin>182</ymin>
			<xmax>875</xmax>
			<ymax>490</ymax>
		</bndbox>
	</object>
</annotation>
