<annotation>
	<folder>mask</folder>
	<filename>Mask266.jpg</filename>
	<path>/home/ashing/Data_Mask/mask/Mask266.jpg</path>
	<source>
		<database>Unknown</database>
	</source>
	<size>
		<width>1040</width>
		<height>1020</height>
		<depth>3</depth>
	</size>
	<segmented>0</segmented>
	<object>
		<name>Mask</name>
		<pose>Unspecified</pose>
		<truncated>0</truncated>
		<difficult>0</difficult>
		<bndbox>
			<xmin>684</xmin>
			<ymin>655</ymin>
			<xmax>795</xmax>
			<ymax>801</ymax>
		</bndbox>
	</object>
</annotation>
