<annotation>
	<folder>mask</folder>
	<filename>Mask204.jpg</filename>
	<path>/home/ashing/Data_Mask/mask/Mask204.jpg</path>
	<source>
		<database>Unknown</database>
	</source>
	<size>
		<width>700</width>
		<height>394</height>
		<depth>3</depth>
	</size>
	<segmented>0</segmented>
	<object>
		<name>Mask</name>
		<pose>Unspecified</pose>
		<truncated>0</truncated>
		<difficult>0</difficult>
		<bndbox>
			<xmin>192</xmin>
			<ymin>214</ymin>
			<xmax>265</xmax>
			<ymax>305</ymax>
		</bndbox>
	</object>
	<object>
		<name>No_Mask</name>
		<pose>Unspecified</pose>
		<truncated>0</truncated>
		<difficult>0</difficult>
		<bndbox>
			<xmin>111</xmin>
			<ymin>198</ymin>
			<xmax>173</xmax>
			<ymax>274</ymax>
		</bndbox>
	</object>
	<object>
		<name>No_Mask</name>
		<pose>Unspecified</pose>
		<truncated>0</truncated>
		<difficult>0</difficult>
		<bndbox>
			<xmin>15</xmin>
			<ymin>245</ymin>
			<xmax>64</xmax>
			<ymax>298</ymax>
		</bndbox>
	</object>
</annotation>
