<annotation>
	<folder>mask</folder>
	<filename>Mask170.jpg</filename>
	<path>/home/ashing/Data_Mask/mask/Mask170.jpg</path>
	<source>
		<database>Unknown</database>
	</source>
	<size>
		<width>1170</width>
		<height>722</height>
		<depth>3</depth>
	</size>
	<segmented>0</segmented>
	<object>
		<name>Mask</name>
		<pose>Unspecified</pose>
		<truncated>0</truncated>
		<difficult>0</difficult>
		<bndbox>
			<xmin>308</xmin>
			<ymin>142</ymin>
			<xmax>581</xmax>
			<ymax>488</ymax>
		</bndbox>
	</object>
</annotation>
