<annotation>
	<folder>mask</folder>
	<filename>Mask038.jpg</filename>
	<path>/home/ashing/Data_Mask/mask/Mask038.jpg</path>
	<source>
		<database>Unknown</database>
	</source>
	<size>
		<width>236</width>
		<height>387</height>
		<depth>3</depth>
	</size>
	<segmented>0</segmented>
	<object>
		<name>Mask</name>
		<pose>Unspecified</pose>
		<truncated>0</truncated>
		<difficult>0</difficult>
		<bndbox>
			<xmin>89</xmin>
			<ymin>206</ymin>
			<xmax>190</xmax>
			<ymax>328</ymax>
		</bndbox>
	</object>
</annotation>
