<annotation>
	<folder>mask</folder>
	<filename>Mask291.jpg</filename>
	<path>/home/ashing/Data_Mask/mask/Mask291.jpg</path>
	<source>
		<database>Unknown</database>
	</source>
	<size>
		<width>830</width>
		<height>436</height>
		<depth>3</depth>
	</size>
	<segmented>0</segmented>
	<object>
		<name>Mask</name>
		<pose>Unspecified</pose>
		<truncated>0</truncated>
		<difficult>0</difficult>
		<bndbox>
			<xmin>51</xmin>
			<ymin>45</ymin>
			<xmax>258</xmax>
			<ymax>312</ymax>
		</bndbox>
	</object>
</annotation>
