<annotation>
	<folder>mask</folder>
	<filename>Mask021.jpg</filename>
	<path>/home/ashing/Data_Mask/mask/Mask021.jpg</path>
	<source>
		<database>Unknown</database>
	</source>
	<size>
		<width>410</width>
		<height>230</height>
		<depth>3</depth>
	</size>
	<segmented>0</segmented>
	<object>
		<name>Mask</name>
		<pose>Unspecified</pose>
		<truncated>0</truncated>
		<difficult>0</difficult>
		<bndbox>
			<xmin>110</xmin>
			<ymin>32</ymin>
			<xmax>204</xmax>
			<ymax>143</ymax>
		</bndbox>
	</object>
</annotation>
