<annotation>
	<folder>mask</folder>
	<filename>Mask141.jpg</filename>
	<path>/home/ashing/Data_Mask/mask/Mask141.jpg</path>
	<source>
		<database>Unknown</database>
	</source>
	<size>
		<width>650</width>
		<height>340</height>
		<depth>3</depth>
	</size>
	<segmented>0</segmented>
	<object>
		<name>Mask</name>
		<pose>Unspecified</pose>
		<truncated>0</truncated>
		<difficult>0</difficult>
		<bndbox>
			<xmin>162</xmin>
			<ymin>57</ymin>
			<xmax>220</xmax>
			<ymax>127</ymax>
		</bndbox>
	</object>
</annotation>
