<annotation>
	<folder>mask</folder>
	<filename>Mask263.jpg</filename>
	<path>/home/ashing/Data_Mask/mask/Mask263.jpg</path>
	<source>
		<database>Unknown</database>
	</source>
	<size>
		<width>1200</width>
		<height>675</height>
		<depth>3</depth>
	</size>
	<segmented>0</segmented>
	<object>
		<name>Mask</name>
		<pose>Unspecified</pose>
		<truncated>0</truncated>
		<difficult>0</difficult>
		<bndbox>
			<xmin>931</xmin>
			<ymin>316</ymin>
			<xmax>1122</xmax>
			<ymax>563</ymax>
		</bndbox>
	</object>
</annotation>
