<annotation>
	<folder>mask</folder>
	<filename>Mask280.jpg</filename>
	<path>/home/ashing/Data_Mask/mask/Mask280.jpg</path>
	<source>
		<database>Unknown</database>
	</source>
	<size>
		<width>512</width>
		<height>309</height>
		<depth>3</depth>
	</size>
	<segmented>0</segmented>
	<object>
		<name>Mask</name>
		<pose>Unspecified</pose>
		<truncated>0</truncated>
		<difficult>0</difficult>
		<bndbox>
			<xmin>308</xmin>
			<ymin>134</ymin>
			<xmax>365</xmax>
			<ymax>221</ymax>
		</bndbox>
	</object>
	<object>
		<name>Mask</name>
		<pose>Unspecified</pose>
		<truncated>0</truncated>
		<difficult>0</difficult>
		<bndbox>
			<xmin>412</xmin>
			<ymin>136</ymin>
			<xmax>476</xmax>
			<ymax>214</ymax>
		</bndbox>
	</object>
</annotation>
