<annotation>
	<folder>mask</folder>
	<filename>Mask194.jpg</filename>
	<path>/home/ashing/Data_Mask/mask/Mask194.jpg</path>
	<source>
		<database>Unknown</database>
	</source>
	<size>
		<width>1000</width>
		<height>1000</height>
		<depth>3</depth>
	</size>
	<segmented>0</segmented>
	<object>
		<name>Mask</name>
		<pose>Unspecified</pose>
		<truncated>0</truncated>
		<difficult>0</difficult>
		<bndbox>
			<xmin>73</xmin>
			<ymin>475</ymin>
			<xmax>372</xmax>
			<ymax>811</ymax>
		</bndbox>
	</object>
</annotation>
