<annotation>
	<folder>mask</folder>
	<filename>Mask264.jpg</filename>
	<path>/home/ashing/Data_Mask/mask/Mask264.jpg</path>
	<source>
		<database>Unknown</database>
	</source>
	<size>
		<width>1200</width>
		<height>600</height>
		<depth>3</depth>
	</size>
	<segmented>0</segmented>
	<object>
		<name>Mask</name>
		<pose>Unspecified</pose>
		<truncated>0</truncated>
		<difficult>0</difficult>
		<bndbox>
			<xmin>386</xmin>
			<ymin>129</ymin>
			<xmax>765</xmax>
			<ymax>521</ymax>
		</bndbox>
	</object>
</annotation>
