<annotation>
	<folder>mask</folder>
	<filename>Mask330.jpg</filename>
	<path>/home/ashing/Data_Mask/mask/Mask330.jpg</path>
	<source>
		<database>Unknown</database>
	</source>
	<size>
		<width>1080</width>
		<height>810</height>
		<depth>3</depth>
	</size>
	<segmented>0</segmented>
	<object>
		<name>Mask</name>
		<pose>Unspecified</pose>
		<truncated>0</truncated>
		<difficult>0</difficult>
		<bndbox>
			<xmin>743</xmin>
			<ymin>175</ymin>
			<xmax>852</xmax>
			<ymax>340</ymax>
		</bndbox>
	</object>
	<object>
		<name>Mask</name>
		<pose>Unspecified</pose>
		<truncated>0</truncated>
		<difficult>0</difficult>
		<bndbox>
			<xmin>359</xmin>
			<ymin>306</ymin>
			<xmax>456</xmax>
			<ymax>413</ymax>
		</bndbox>
	</object>
</annotation>
