<annotation>
	<folder>mask</folder>
	<filename>Mask300.jpg</filename>
	<path>/home/ashing/Data_Mask/mask/Mask300.jpg</path>
	<source>
		<database>Unknown</database>
	</source>
	<size>
		<width>484</width>
		<height>300</height>
		<depth>3</depth>
	</size>
	<segmented>0</segmented>
	<object>
		<name>Mask</name>
		<pose>Unspecified</pose>
		<truncated>0</truncated>
		<difficult>0</difficult>
		<bndbox>
			<xmin>305</xmin>
			<ymin>72</ymin>
			<xmax>400</xmax>
			<ymax>190</ymax>
		</bndbox>
	</object>
</annotation>
