<annotation>
	<folder>mask</folder>
	<filename>Mask032.jpg</filename>
	<path>/home/ashing/Data_Mask/mask/Mask032.jpg</path>
	<source>
		<database>Unknown</database>
	</source>
	<size>
		<width>640</width>
		<height>640</height>
		<depth>3</depth>
	</size>
	<segmented>0</segmented>
	<object>
		<name>Mask</name>
		<pose>Unspecified</pose>
		<truncated>0</truncated>
		<difficult>0</difficult>
		<bndbox>
			<xmin>477</xmin>
			<ymin>163</ymin>
			<xmax>598</xmax>
			<ymax>309</ymax>
		</bndbox>
	</object>
</annotation>
