<annotation>
	<folder>mask</folder>
	<filename>Mask282.jpg</filename>
	<path>/home/ashing/Data_Mask/mask/Mask282.jpg</path>
	<source>
		<database>Unknown</database>
	</source>
	<size>
		<width>510</width>
		<height>287</height>
		<depth>3</depth>
	</size>
	<segmented>0</segmented>
	<object>
		<name>Mask</name>
		<pose>Unspecified</pose>
		<truncated>0</truncated>
		<difficult>0</difficult>
		<bndbox>
			<xmin>234</xmin>
			<ymin>109</ymin>
			<xmax>266</xmax>
			<ymax>141</ymax>
		</bndbox>
	</object>
	<object>
		<name>Mask</name>
		<pose>Unspecified</pose>
		<truncated>0</truncated>
		<difficult>0</difficult>
		<bndbox>
			<xmin>103</xmin>
			<ymin>136</ymin>
			<xmax>135</xmax>
			<ymax>177</ymax>
		</bndbox>
	</object>
</annotation>
