<annotation>
	<folder>mask</folder>
	<filename>Mask179.jpg</filename>
	<path>/home/ashing/Data_Mask/mask/Mask179.jpg</path>
	<source>
		<database>Unknown</database>
	</source>
	<size>
		<width>720</width>
		<height>413</height>
		<depth>3</depth>
	</size>
	<segmented>0</segmented>
	<object>
		<name>Mask</name>
		<pose>Unspecified</pose>
		<truncated>0</truncated>
		<difficult>0</difficult>
		<bndbox>
			<xmin>461</xmin>
			<ymin>154</ymin>
			<xmax>553</xmax>
			<ymax>295</ymax>
		</bndbox>
	</object>
</annotation>
