<annotation>
	<folder>mask</folder>
	<filename>Mask183.jpg</filename>
	<path>/home/ashing/Data_Mask/mask/Mask183.jpg</path>
	<source>
		<database>Unknown</database>
	</source>
	<size>
		<width>608</width>
		<height>435</height>
		<depth>3</depth>
	</size>
	<segmented>0</segmented>
	<object>
		<name>Mask</name>
		<pose>Unspecified</pose>
		<truncated>1</truncated>
		<difficult>0</difficult>
		<bndbox>
			<xmin>21</xmin>
			<ymin>1</ymin>
			<xmax>392</xmax>
			<ymax>341</ymax>
		</bndbox>
	</object>
</annotation>
