<annotation>
	<folder>mask</folder>
	<filename>Mask146.jpg</filename>
	<path>/home/ashing/Data_Mask/mask/Mask146.jpg</path>
	<source>
		<database>Unknown</database>
	</source>
	<size>
		<width>1024</width>
		<height>683</height>
		<depth>3</depth>
	</size>
	<segmented>0</segmented>
	<object>
		<name>Mask</name>
		<pose>Unspecified</pose>
		<truncated>0</truncated>
		<difficult>0</difficult>
		<bndbox>
			<xmin>232</xmin>
			<ymin>206</ymin>
			<xmax>288</xmax>
			<ymax>265</ymax>
		</bndbox>
	</object>
	<object>
		<name>Mask</name>
		<pose>Unspecified</pose>
		<truncated>0</truncated>
		<difficult>0</difficult>
		<bndbox>
			<xmin>602</xmin>
			<ymin>343</ymin>
			<xmax>954</xmax>
			<ymax>633</ymax>
		</bndbox>
	</object>
</annotation>
