<annotation>
	<folder>mask</folder>
	<filename>Mask175.jpg</filename>
	<path>/home/ashing/Data_Mask/mask/Mask175.jpg</path>
	<source>
		<database>Unknown</database>
	</source>
	<size>
		<width>750</width>
		<height>560</height>
		<depth>3</depth>
	</size>
	<segmented>0</segmented>
	<object>
		<name>Mask</name>
		<pose>Unspecified</pose>
		<truncated>0</truncated>
		<difficult>0</difficult>
		<bndbox>
			<xmin>400</xmin>
			<ymin>91</ymin>
			<xmax>596</xmax>
			<ymax>328</ymax>
		</bndbox>
	</object>
</annotation>
