<annotation>
	<folder>mask</folder>
	<filename>Mask075.jpg</filename>
	<path>/home/ashing/Data_Mask/mask/Mask075.jpg</path>
	<source>
		<database>Unknown</database>
	</source>
	<size>
		<width>1024</width>
		<height>576</height>
		<depth>3</depth>
	</size>
	<segmented>0</segmented>
	<object>
		<name>Mask</name>
		<pose>Unspecified</pose>
		<truncated>0</truncated>
		<difficult>0</difficult>
		<bndbox>
			<xmin>409</xmin>
			<ymin>77</ymin>
			<xmax>694</xmax>
			<ymax>434</ymax>
		</bndbox>
	</object>
</annotation>
