<annotation>
	<folder>mask</folder>
	<filename>Mask178.jpg</filename>
	<path>/home/ashing/Data_Mask/mask/Mask178.jpg</path>
	<source>
		<database>Unknown</database>
	</source>
	<size>
		<width>974</width>
		<height>744</height>
		<depth>3</depth>
	</size>
	<segmented>0</segmented>
	<object>
		<name>Mask</name>
		<pose>Unspecified</pose>
		<truncated>0</truncated>
		<difficult>0</difficult>
		<bndbox>
			<xmin>114</xmin>
			<ymin>60</ymin>
			<xmax>592</xmax>
			<ymax>717</ymax>
		</bndbox>
	</object>
</annotation>
