<annotation>
	<folder>mask</folder>
	<filename>Mask004.jpg</filename>
	<path>/home/ashing/Data_Mask/mask/Mask004.jpg</path>
	<source>
		<database>Unknown</database>
	</source>
	<size>
		<width>1440</width>
		<height>1080</height>
		<depth>3</depth>
	</size>
	<segmented>0</segmented>
	<object>
		<name>Mask</name>
		<pose>Unspecified</pose>
		<truncated>0</truncated>
		<difficult>0</difficult>
		<bndbox>
			<xmin>553</xmin>
			<ymin>248</ymin>
			<xmax>769</xmax>
			<ymax>510</ymax>
		</bndbox>
	</object>
</annotation>
