<annotation>
	<folder>mask</folder>
	<filename>Mask244.jpg</filename>
	<path>/home/ashing/Data_Mask/mask/Mask244.jpg</path>
	<source>
		<database>Unknown</database>
	</source>
	<size>
		<width>1280</width>
		<height>720</height>
		<depth>3</depth>
	</size>
	<segmented>0</segmented>
	<object>
		<name>Mask</name>
		<pose>Unspecified</pose>
		<truncated>0</truncated>
		<difficult>0</difficult>
		<bndbox>
			<xmin>454</xmin>
			<ymin>170</ymin>
			<xmax>709</xmax>
			<ymax>438</ymax>
		</bndbox>
	</object>
</annotation>
