<annotation>
	<folder>mask</folder>
	<filename>Mask045.jpg</filename>
	<path>/home/ashing/Data_Mask/mask/Mask045.jpg</path>
	<source>
		<database>Unknown</database>
	</source>
	<size>
		<width>1200</width>
		<height>630</height>
		<depth>3</depth>
	</size>
	<segmented>0</segmented>
	<object>
		<name>Mask</name>
		<pose>Unspecified</pose>
		<truncated>0</truncated>
		<difficult>0</difficult>
		<bndbox>
			<xmin>705</xmin>
			<ymin>172</ymin>
			<xmax>1029</xmax>
			<ymax>608</ymax>
		</bndbox>
	</object>
	<object>
		<name>Mask</name>
		<pose>Unspecified</pose>
		<truncated>0</truncated>
		<difficult>0</difficult>
		<bndbox>
			<xmin>251</xmin>
			<ymin>71</ymin>
			<xmax>532</xmax>
			<ymax>423</ymax>
		</bndbox>
	</object>
</annotation>
