<annotation>
	<folder>mask</folder>
	<filename>Mask304.jpg</filename>
	<path>/home/ashing/Data_Mask/mask/Mask304.jpg</path>
	<source>
		<database>Unknown</database>
	</source>
	<size>
		<width>518</width>
		<height>300</height>
		<depth>3</depth>
	</size>
	<segmented>0</segmented>
	<object>
		<name>Mask</name>
		<pose>Unspecified</pose>
		<truncated>0</truncated>
		<difficult>0</difficult>
		<bndbox>
			<xmin>186</xmin>
			<ymin>40</ymin>
			<xmax>316</xmax>
			<ymax>236</ymax>
		</bndbox>
	</object>
</annotation>
