<annotation>
	<folder>mask</folder>
	<filename>Mask317.jpg</filename>
	<path>/home/ashing/Data_Mask/mask/Mask317.jpg</path>
	<source>
		<database>Unknown</database>
	</source>
	<size>
		<width>427</width>
		<height>296</height>
		<depth>3</depth>
	</size>
	<segmented>0</segmented>
	<object>
		<name>Mask</name>
		<pose>Unspecified</pose>
		<truncated>0</truncated>
		<difficult>0</difficult>
		<bndbox>
			<xmin>212</xmin>
			<ymin>35</ymin>
			<xmax>288</xmax>
			<ymax>127</ymax>
		</bndbox>
	</object>
</annotation>
