<annotation>
	<folder>mask</folder>
	<filename>Mask279.jpg</filename>
	<path>/home/ashing/Data_Mask/mask/Mask279.jpg</path>
	<source>
		<database>Unknown</database>
	</source>
	<size>
		<width>512</width>
		<height>384</height>
		<depth>3</depth>
	</size>
	<segmented>0</segmented>
	<object>
		<name>Mask</name>
		<pose>Unspecified</pose>
		<truncated>0</truncated>
		<difficult>0</difficult>
		<bndbox>
			<xmin>138</xmin>
			<ymin>82</ymin>
			<xmax>318</xmax>
			<ymax>271</ymax>
		</bndbox>
	</object>
</annotation>
