<annotation>
	<folder>mask</folder>
	<filename>Mask012.jpeg</filename>
	<path>/home/ashing/Data_Mask/mask/Mask012.jpeg</path>
	<source>
		<database>Unknown</database>
	</source>
	<size>
		<width>500</width>
		<height>333</height>
		<depth>3</depth>
	</size>
	<segmented>0</segmented>
	<object>
		<name>Mask</name>
		<pose>Unspecified</pose>
		<truncated>0</truncated>
		<difficult>0</difficult>
		<bndbox>
			<xmin>154</xmin>
			<ymin>50</ymin>
			<xmax>366</xmax>
			<ymax>332</ymax>
		</bndbox>
	</object>
</annotation>
