<annotation>
	<folder>mask</folder>
	<filename>Mask188.jpg</filename>
	<path>/home/ashing/Data_Mask/mask/Mask188.jpg</path>
	<source>
		<database>Unknown</database>
	</source>
	<size>
		<width>640</width>
		<height>640</height>
		<depth>3</depth>
	</size>
	<segmented>0</segmented>
	<object>
		<name>Mask</name>
		<pose>Unspecified</pose>
		<truncated>0</truncated>
		<difficult>0</difficult>
		<bndbox>
			<xmin>277</xmin>
			<ymin>76</ymin>
			<xmax>453</xmax>
			<ymax>286</ymax>
		</bndbox>
	</object>
</annotation>
