<annotation>
	<folder>mask</folder>
	<filename>Mask272.jpg</filename>
	<path>/home/ashing/Data_Mask/mask/Mask272.jpg</path>
	<source>
		<database>Unknown</database>
	</source>
	<size>
		<width>375</width>
		<height>197</height>
		<depth>3</depth>
	</size>
	<segmented>0</segmented>
	<object>
		<name>Mask</name>
		<pose>Unspecified</pose>
		<truncated>0</truncated>
		<difficult>0</difficult>
		<bndbox>
			<xmin>181</xmin>
			<ymin>27</ymin>
			<xmax>253</xmax>
			<ymax>133</ymax>
		</bndbox>
	</object>
</annotation>
