<annotation>
	<folder>mask</folder>
	<filename>Mask185.jpg</filename>
	<path>/home/ashing/Data_Mask/mask/Mask185.jpg</path>
	<source>
		<database>Unknown</database>
	</source>
	<size>
		<width>1920</width>
		<height>1080</height>
		<depth>3</depth>
	</size>
	<segmented>0</segmented>
	<object>
		<name>Mask</name>
		<pose>Unspecified</pose>
		<truncated>0</truncated>
		<difficult>0</difficult>
		<bndbox>
			<xmin>57</xmin>
			<ymin>366</ymin>
			<xmax>547</xmax>
			<ymax>848</ymax>
		</bndbox>
	</object>
	<object>
		<name>Mask</name>
		<pose>Unspecified</pose>
		<truncated>0</truncated>
		<difficult>0</difficult>
		<bndbox>
			<xmin>736</xmin>
			<ymin>354</ymin>
			<xmax>1174</xmax>
			<ymax>852</ymax>
		</bndbox>
	</object>
	<object>
		<name>Mask</name>
		<pose>Unspecified</pose>
		<truncated>0</truncated>
		<difficult>0</difficult>
		<bndbox>
			<xmin>1349</xmin>
			<ymin>329</ymin>
			<xmax>1816</xmax>
			<ymax>780</ymax>
		</bndbox>
	</object>
</annotation>
