<annotation>
	<folder>no_mask</folder>
	<filename>N0_Mask249.jpg</filename>
	<path>/home/ashing/Data_Mask/no_mask/N0_Mask249.jpg</path>
	<source>
		<database>Unknown</database>
	</source>
	<size>
		<width>580</width>
		<height>200</height>
		<depth>3</depth>
	</size>
	<segmented>0</segmented>
	<object>
		<name>No_Mask</name>
		<pose>Unspecified</pose>
		<truncated>0</truncated>
		<difficult>0</difficult>
		<bndbox>
			<xmin>164</xmin>
			<ymin>25</ymin>
			<xmax>239</xmax>
			<ymax>130</ymax>
		</bndbox>
	</object>
	<object>
		<name>No_Mask</name>
		<pose>Unspecified</pose>
		<truncated>0</truncated>
		<difficult>0</difficult>
		<bndbox>
			<xmin>356</xmin>
			<ymin>31</ymin>
			<xmax>447</xmax>
			<ymax>131</ymax>
		</bndbox>
	</object>
</annotation>
