<annotation>
	<folder>lady</folder>
	<filename>N0_Mask234.jpg</filename>
	<path>C:\lady\N0_Mask234.jpg</path>
	<source>
		<database>Unknown</database>
	</source>
	<size>
		<width>1000</width>
		<height>1500</height>
		<depth>3</depth>
	</size>
	<segmented>0</segmented>
	<object>
		<name>No_Mask</name>
		<pose>Unspecified</pose>
		<truncated>0</truncated>
		<difficult>0</difficult>
		<bndbox>
			<xmin>146</xmin>
			<ymin>107</ymin>
			<xmax>914</xmax>
			<ymax>1191</ymax>
		</bndbox>
	</object>
</annotation>
