<annotation>
	<folder>lady</folder>
	<filename>N0_Mask228.jpg</filename>
	<path>C:\lady\N0_Mask228.jpg</path>
	<source>
		<database>Unknown</database>
	</source>
	<size>
		<width>540</width>
		<height>361</height>
		<depth>3</depth>
	</size>
	<segmented>0</segmented>
	<object>
		<name>No_Mask</name>
		<pose>Unspecified</pose>
		<truncated>0</truncated>
		<difficult>0</difficult>
		<bndbox>
			<xmin>199</xmin>
			<ymin>38</ymin>
			<xmax>352</xmax>
			<ymax>228</ymax>
		</bndbox>
	</object>
</annotation>
