<annotation>
	<folder>lady</folder>
	<filename>N0_Mask271.jpg</filename>
	<path>C:\lady\N0_Mask271.jpg</path>
	<source>
		<database>Unknown</database>
	</source>
	<size>
		<width>1080</width>
		<height>720</height>
		<depth>3</depth>
	</size>
	<segmented>0</segmented>
	<object>
		<name>No_Mask</name>
		<pose>Unspecified</pose>
		<truncated>0</truncated>
		<difficult>0</difficult>
		<bndbox>
			<xmin>271</xmin>
			<ymin>11</ymin>
			<xmax>811</xmax>
			<ymax>579</ymax>
		</bndbox>
	</object>
</annotation>
