<annotation>
	<folder>lady</folder>
	<filename>N0_Mask171.jpg</filename>
	<path>C:\lady\N0_Mask171.jpg</path>
	<source>
		<database>Unknown</database>
	</source>
	<size>
		<width>246</width>
		<height>205</height>
		<depth>3</depth>
	</size>
	<segmented>0</segmented>
	<object>
		<name>No_Mask</name>
		<pose>Unspecified</pose>
		<truncated>0</truncated>
		<difficult>0</difficult>
		<bndbox>
			<xmin>44</xmin>
			<ymin>7</ymin>
			<xmax>204</xmax>
			<ymax>199</ymax>
		</bndbox>
	</object>
</annotation>
