<annotation>
	<folder>lady</folder>
	<filename>N0_Mask120.jpg</filename>
	<path>C:\lady\N0_Mask120.jpg</path>
	<source>
		<database>Unknown</database>
	</source>
	<size>
		<width>768</width>
		<height>799</height>
		<depth>3</depth>
	</size>
	<segmented>0</segmented>
	<object>
		<name>No_Mask</name>
		<pose>Unspecified</pose>
		<truncated>0</truncated>
		<difficult>0</difficult>
		<bndbox>
			<xmin>403</xmin>
			<ymin>13</ymin>
			<xmax>766</xmax>
			<ymax>645</ymax>
		</bndbox>
	</object>
</annotation>
