<annotation>
	<folder>no_mask</folder>
	<filename>N0_Mask237.jpg</filename>
	<path>/home/ashing/Data_Mask/no_mask/N0_Mask237.jpg</path>
	<source>
		<database>Unknown</database>
	</source>
	<size>
		<width>800</width>
		<height>799</height>
		<depth>3</depth>
	</size>
	<segmented>0</segmented>
	<object>
		<name>No_Mask</name>
		<pose>Unspecified</pose>
		<truncated>0</truncated>
		<difficult>0</difficult>
		<bndbox>
			<xmin>417</xmin>
			<ymin>201</ymin>
			<xmax>566</xmax>
			<ymax>387</ymax>
		</bndbox>
	</object>
	<object>
		<name>No_Mask</name>
		<pose>Unspecified</pose>
		<truncated>0</truncated>
		<difficult>0</difficult>
		<bndbox>
			<xmin>152</xmin>
			<ymin>154</ymin>
			<xmax>320</xmax>
			<ymax>340</ymax>
		</bndbox>
	</object>
</annotation>
