<annotation>
	<folder>lady</folder>
	<filename>N0_Mask130.jpg</filename>
	<path>C:\lady\N0_Mask130.jpg</path>
	<source>
		<database>Unknown</database>
	</source>
	<size>
		<width>480</width>
		<height>360</height>
		<depth>3</depth>
	</size>
	<segmented>0</segmented>
	<object>
		<name>No_Mask</name>
		<pose>Unspecified</pose>
		<truncated>0</truncated>
		<difficult>0</difficult>
		<bndbox>
			<xmin>285</xmin>
			<ymin>48</ymin>
			<xmax>385</xmax>
			<ymax>187</ymax>
		</bndbox>
	</object>
</annotation>
