<annotation>
	<folder>lady</folder>
	<filename>N0_Mask166.jpg</filename>
	<path>C:\lady\N0_Mask166.jpg</path>
	<source>
		<database>Unknown</database>
	</source>
	<size>
		<width>197</width>
		<height>256</height>
		<depth>3</depth>
	</size>
	<segmented>0</segmented>
	<object>
		<name>No_Mask</name>
		<pose>Unspecified</pose>
		<truncated>0</truncated>
		<difficult>0</difficult>
		<bndbox>
			<xmin>2</xmin>
			<ymin>2</ymin>
			<xmax>160</xmax>
			<ymax>198</ymax>
		</bndbox>
	</object>
</annotation>
