<annotation>
	<folder>no_mask</folder>
	<filename>N0_Mask007.jpg</filename>
	<path>/home/ashing/Data_Mask/no_mask/N0_Mask007.jpg</path>
	<source>
		<database>Unknown</database>
	</source>
	<size>
		<width>532</width>
		<height>372</height>
		<depth>3</depth>
	</size>
	<segmented>0</segmented>
	<object>
		<name>No_Mask</name>
		<pose>Unspecified</pose>
		<truncated>0</truncated>
		<difficult>0</difficult>
		<bndbox>
			<xmin>37</xmin>
			<ymin>33</ymin>
			<xmax>142</xmax>
			<ymax>164</ymax>
		</bndbox>
	</object>
	<object>
		<name>No_Mask</name>
		<pose>Unspecified</pose>
		<truncated>0</truncated>
		<difficult>0</difficult>
		<bndbox>
			<xmin>34</xmin>
			<ymin>221</ymin>
			<xmax>142</xmax>
			<ymax>354</ymax>
		</bndbox>
	</object>
</annotation>
