<annotation>
	<folder>no_mask</folder>
	<filename>N0_Mask034.jpg</filename>
	<path>/home/ashing/Data_Mask/no_mask/N0_Mask034.jpg</path>
	<source>
		<database>Unknown</database>
	</source>
	<size>
		<width>320</width>
		<height>515</height>
		<depth>3</depth>
	</size>
	<segmented>0</segmented>
	<object>
		<name>No_Mask</name>
		<pose>Unspecified</pose>
		<truncated>0</truncated>
		<difficult>0</difficult>
		<bndbox>
			<xmin>132</xmin>
			<ymin>54</ymin>
			<xmax>215</xmax>
			<ymax>155</ymax>
		</bndbox>
	</object>
	<object>
		<name>No_Mask</name>
		<pose>Unspecified</pose>
		<truncated>0</truncated>
		<difficult>0</difficult>
		<bndbox>
			<xmin>232</xmin>
			<ymin>44</ymin>
			<xmax>318</xmax>
			<ymax>170</ymax>
		</bndbox>
	</object>
</annotation>
