<annotation>
	<folder>no_mask</folder>
	<filename>N0_Mask051.jpg</filename>
	<path>/home/ashing/Data_Mask/no_mask/N0_Mask051.jpg</path>
	<source>
		<database>Unknown</database>
	</source>
	<size>
		<width>1000</width>
		<height>1000</height>
		<depth>3</depth>
	</size>
	<segmented>0</segmented>
	<object>
		<name>No_Mask</name>
		<pose>Unspecified</pose>
		<truncated>1</truncated>
		<difficult>0</difficult>
		<bndbox>
			<xmin>206</xmin>
			<ymin>1</ymin>
			<xmax>969</xmax>
			<ymax>807</ymax>
		</bndbox>
	</object>
</annotation>
