<annotation>
	<folder>no_mask</folder>
	<filename>N0_Mask269.jpg</filename>
	<path>/home/ashing/Data_Mask/no_mask/N0_Mask269.jpg</path>
	<source>
		<database>Unknown</database>
	</source>
	<size>
		<width>576</width>
		<height>249</height>
		<depth>3</depth>
	</size>
	<segmented>0</segmented>
	<object>
		<name>No_Mask</name>
		<pose>Unspecified</pose>
		<truncated>0</truncated>
		<difficult>0</difficult>
		<bndbox>
			<xmin>26</xmin>
			<ymin>3</ymin>
			<xmax>234</xmax>
			<ymax>245</ymax>
		</bndbox>
	</object>
	<object>
		<name>No_Mask</name>
		<pose>Unspecified</pose>
		<truncated>0</truncated>
		<difficult>0</difficult>
		<bndbox>
			<xmin>351</xmin>
			<ymin>6</ymin>
			<xmax>543</xmax>
			<ymax>246</ymax>
		</bndbox>
	</object>
</annotation>
