<annotation>
	<folder>lady</folder>
	<filename>N0_Mask141.jpg</filename>
	<path>C:\lady\N0_Mask141.jpg</path>
	<source>
		<database>Unknown</database>
	</source>
	<size>
		<width>232</width>
		<height>217</height>
		<depth>3</depth>
	</size>
	<segmented>0</segmented>
	<object>
		<name>No_Mask</name>
		<pose>Unspecified</pose>
		<truncated>0</truncated>
		<difficult>0</difficult>
		<bndbox>
			<xmin>54</xmin>
			<ymin>17</ymin>
			<xmax>194</xmax>
			<ymax>186</ymax>
		</bndbox>
	</object>
</annotation>
