<annotation>
	<folder>lady</folder>
	<filename>N0_Mask235.jpg</filename>
	<path>C:\lady\N0_Mask235.jpg</path>
	<source>
		<database>Unknown</database>
	</source>
	<size>
		<width>1000</width>
		<height>1500</height>
		<depth>3</depth>
	</size>
	<segmented>0</segmented>
	<object>
		<name>No_Mask</name>
		<pose>Unspecified</pose>
		<truncated>0</truncated>
		<difficult>0</difficult>
		<bndbox>
			<xmin>224</xmin>
			<ymin>209</ymin>
			<xmax>714</xmax>
			<ymax>893</ymax>
		</bndbox>
	</object>
</annotation>
