<annotation>
	<folder>lady</folder>
	<filename>N0_Mask121.jpg</filename>
	<path>C:\lady\N0_Mask121.jpg</path>
	<source>
		<database>Unknown</database>
	</source>
	<size>
		<width>640</width>
		<height>704</height>
		<depth>3</depth>
	</size>
	<segmented>0</segmented>
	<object>
		<name>No_Mask</name>
		<pose>Unspecified</pose>
		<truncated>0</truncated>
		<difficult>0</difficult>
		<bndbox>
			<xmin>155</xmin>
			<ymin>69</ymin>
			<xmax>436</xmax>
			<ymax>458</ymax>
		</bndbox>
	</object>
</annotation>
