<annotation>
	<folder>lady</folder>
	<filename>N0_Mask232.jpg</filename>
	<path>C:\lady\N0_Mask232.jpg</path>
	<source>
		<database>Unknown</database>
	</source>
	<size>
		<width>944</width>
		<height>629</height>
		<depth>3</depth>
	</size>
	<segmented>0</segmented>
	<object>
		<name>No_Mask</name>
		<pose>Unspecified</pose>
		<truncated>0</truncated>
		<difficult>0</difficult>
		<bndbox>
			<xmin>627</xmin>
			<ymin>79</ymin>
			<xmax>871</xmax>
			<ymax>382</ymax>
		</bndbox>
	</object>
</annotation>
