<annotation>
	<folder>no_mask</folder>
	<filename>N0_Mask102.jpg</filename>
	<path>/home/ashing/Data_Mask/no_mask/N0_Mask102.jpg</path>
	<source>
		<database>Unknown</database>
	</source>
	<size>
		<width>770</width>
		<height>444</height>
		<depth>3</depth>
	</size>
	<segmented>0</segmented>
	<object>
		<name>No_Mask</name>
		<pose>Unspecified</pose>
		<truncated>0</truncated>
		<difficult>0</difficult>
		<bndbox>
			<xmin>190</xmin>
			<ymin>44</ymin>
			<xmax>277</xmax>
			<ymax>166</ymax>
		</bndbox>
	</object>
	<object>
		<name>No_Mask</name>
		<pose>Unspecified</pose>
		<truncated>0</truncated>
		<difficult>0</difficult>
		<bndbox>
			<xmin>526</xmin>
			<ymin>25</ymin>
			<xmax>655</xmax>
			<ymax>190</ymax>
		</bndbox>
	</object>
</annotation>
