<annotation>
	<folder>no_mask</folder>
	<filename>N0_Mask014.jpg</filename>
	<path>/home/ashing/Data_Mask/no_mask/N0_Mask014.jpg</path>
	<source>
		<database>Unknown</database>
	</source>
	<size>
		<width>1920</width>
		<height>1281</height>
		<depth>3</depth>
	</size>
	<segmented>0</segmented>
	<object>
		<name>No_Mask</name>
		<pose>Unspecified</pose>
		<truncated>0</truncated>
		<difficult>0</difficult>
		<bndbox>
			<xmin>1057</xmin>
			<ymin>314</ymin>
			<xmax>1329</xmax>
			<ymax>605</ymax>
		</bndbox>
	</object>
	<object>
		<name>No_Mask</name>
		<pose>Unspecified</pose>
		<truncated>0</truncated>
		<difficult>0</difficult>
		<bndbox>
			<xmin>1760</xmin>
			<ymin>526</ymin>
			<xmax>1824</xmax>
			<ymax>595</ymax>
		</bndbox>
	</object>
</annotation>
