<annotation>
	<folder>no_mask</folder>
	<filename>N0_Mask078.jpg</filename>
	<path>/home/ashing/Data_Mask/no_mask/N0_Mask078.jpg</path>
	<source>
		<database>Unknown</database>
	</source>
	<size>
		<width>900</width>
		<height>600</height>
		<depth>3</depth>
	</size>
	<segmented>0</segmented>
	<object>
		<name>No_Mask</name>
		<pose>Unspecified</pose>
		<truncated>0</truncated>
		<difficult>0</difficult>
		<bndbox>
			<xmin>160</xmin>
			<ymin>136</ymin>
			<xmax>332</xmax>
			<ymax>346</ymax>
		</bndbox>
	</object>
	<object>
		<name>No_Mask</name>
		<pose>Unspecified</pose>
		<truncated>0</truncated>
		<difficult>0</difficult>
		<bndbox>
			<xmin>565</xmin>
			<ymin>140</ymin>
			<xmax>724</xmax>
			<ymax>342</ymax>
		</bndbox>
	</object>
</annotation>
