<annotation>
	<folder>no_mask</folder>
	<filename>N0_Mask253.jpg</filename>
	<path>/home/ashing/Data_Mask/no_mask/N0_Mask253.jpg</path>
	<source>
		<database>Unknown</database>
	</source>
	<size>
		<width>960</width>
		<height>420</height>
		<depth>3</depth>
	</size>
	<segmented>0</segmented>
	<object>
		<name>No_Mask</name>
		<pose>Unspecified</pose>
		<truncated>0</truncated>
		<difficult>0</difficult>
		<bndbox>
			<xmin>645</xmin>
			<ymin>157</ymin>
			<xmax>731</xmax>
			<ymax>255</ymax>
		</bndbox>
	</object>
	<object>
		<name>No_Mask</name>
		<pose>Unspecified</pose>
		<truncated>0</truncated>
		<difficult>0</difficult>
		<bndbox>
			<xmin>259</xmin>
			<ymin>158</ymin>
			<xmax>370</xmax>
			<ymax>284</ymax>
		</bndbox>
	</object>
</annotation>
