<annotation>
	<folder>no_mask</folder>
	<filename>N0_Mask052.jpg</filename>
	<path>/home/ashing/Data_Mask/no_mask/N0_Mask052.jpg</path>
	<source>
		<database>Unknown</database>
	</source>
	<size>
		<width>600</width>
		<height>600</height>
		<depth>3</depth>
	</size>
	<segmented>0</segmented>
	<object>
		<name>No_Mask</name>
		<pose>Unspecified</pose>
		<truncated>0</truncated>
		<difficult>0</difficult>
		<bndbox>
			<xmin>126</xmin>
			<ymin>49</ymin>
			<xmax>463</xmax>
			<ymax>471</ymax>
		</bndbox>
	</object>
</annotation>
