<annotation>
	<folder>no_mask</folder>
	<filename>N0_Mask043.jpg</filename>
	<path>/home/ashing/Data_Mask/no_mask/N0_Mask043.jpg</path>
	<source>
		<database>Unknown</database>
	</source>
	<size>
		<width>1000</width>
		<height>717</height>
		<depth>3</depth>
	</size>
	<segmented>0</segmented>
	<object>
		<name>No_Mask</name>
		<pose>Unspecified</pose>
		<truncated>0</truncated>
		<difficult>0</difficult>
		<bndbox>
			<xmin>292</xmin>
			<ymin>229</ymin>
			<xmax>438</xmax>
			<ymax>419</ymax>
		</bndbox>
	</object>
	<object>
		<name>No_Mask</name>
		<pose>Unspecified</pose>
		<truncated>0</truncated>
		<difficult>0</difficult>
		<bndbox>
			<xmin>553</xmin>
			<ymin>133</ymin>
			<xmax>711</xmax>
			<ymax>348</ymax>
		</bndbox>
	</object>
</annotation>
