<annotation>
	<folder>lady</folder>
	<filename>N0_Mask266.jpg</filename>
	<path>C:\lady\N0_Mask266.jpg</path>
	<source>
		<database>Unknown</database>
	</source>
	<size>
		<width>385</width>
		<height>512</height>
		<depth>3</depth>
	</size>
	<segmented>0</segmented>
	<object>
		<name>No_Mask</name>
		<pose>Unspecified</pose>
		<truncated>0</truncated>
		<difficult>0</difficult>
		<bndbox>
			<xmin>110</xmin>
			<ymin>25</ymin>
			<xmax>272</xmax>
			<ymax>246</ymax>
		</bndbox>
	</object>
	<object>
		<name>No_Mask</name>
		<pose>Unspecified</pose>
		<truncated>0</truncated>
		<difficult>0</difficult>
		<bndbox>
			<xmin>108</xmin>
			<ymin>277</ymin>
			<xmax>278</xmax>
			<ymax>496</ymax>
		</bndbox>
	</object>
</annotation>
