<annotation>
	<folder>no_mask</folder>
	<filename>N0_Mask239.jpg</filename>
	<path>/home/ashing/Data_Mask/no_mask/N0_Mask239.jpg</path>
	<source>
		<database>Unknown</database>
	</source>
	<size>
		<width>1280</width>
		<height>796</height>
		<depth>3</depth>
	</size>
	<segmented>0</segmented>
	<object>
		<name>No_Mask</name>
		<pose>Unspecified</pose>
		<truncated>0</truncated>
		<difficult>0</difficult>
		<bndbox>
			<xmin>343</xmin>
			<ymin>207</ymin>
			<xmax>487</xmax>
			<ymax>397</ymax>
		</bndbox>
	</object>
	<object>
		<name>No_Mask</name>
		<pose>Unspecified</pose>
		<truncated>0</truncated>
		<difficult>0</difficult>
		<bndbox>
			<xmin>735</xmin>
			<ymin>223</ymin>
			<xmax>850</xmax>
			<ymax>367</ymax>
		</bndbox>
	</object>
</annotation>
