<annotation>
	<folder>lady</folder>
	<filename>N0_Mask216.jpg</filename>
	<path>C:\lady\N0_Mask216.jpg</path>
	<source>
		<database>Unknown</database>
	</source>
	<size>
		<width>1280</width>
		<height>720</height>
		<depth>3</depth>
	</size>
	<segmented>0</segmented>
	<object>
		<name>No_Mask</name>
		<pose>Unspecified</pose>
		<truncated>0</truncated>
		<difficult>0</difficult>
		<bndbox>
			<xmin>754</xmin>
			<ymin>17</ymin>
			<xmax>1028</xmax>
			<ymax>381</ymax>
		</bndbox>
	</object>
</annotation>
