<annotation>
	<folder>no_mask</folder>
	<filename>N0_Mask073.jpg</filename>
	<path>/home/ashing/Data_Mask/no_mask/N0_Mask073.jpg</path>
	<source>
		<database>Unknown</database>
	</source>
	<size>
		<width>900</width>
		<height>547</height>
		<depth>3</depth>
	</size>
	<segmented>0</segmented>
	<object>
		<name>No_Mask</name>
		<pose>Unspecified</pose>
		<truncated>0</truncated>
		<difficult>0</difficult>
		<bndbox>
			<xmin>80</xmin>
			<ymin>134</ymin>
			<xmax>244</xmax>
			<ymax>366</ymax>
		</bndbox>
	</object>
	<object>
		<name>No_Mask</name>
		<pose>Unspecified</pose>
		<truncated>0</truncated>
		<difficult>0</difficult>
		<bndbox>
			<xmin>368</xmin>
			<ymin>158</ymin>
			<xmax>535</xmax>
			<ymax>359</ymax>
		</bndbox>
	</object>
	<object>
		<name>No_Mask</name>
		<pose>Unspecified</pose>
		<truncated>0</truncated>
		<difficult>0</difficult>
		<bndbox>
			<xmin>664</xmin>
			<ymin>143</ymin>
			<xmax>821</xmax>
			<ymax>359</ymax>
		</bndbox>
	</object>
</annotation>
