<annotation>
	<folder>lady</folder>
	<filename>N0_Mask116.jpg</filename>
	<path>C:\lady\N0_Mask116.jpg</path>
	<source>
		<database>Unknown</database>
	</source>
	<size>
		<width>263</width>
		<height>192</height>
		<depth>3</depth>
	</size>
	<segmented>0</segmented>
	<object>
		<name>No_Mask</name>
		<pose>Unspecified</pose>
		<truncated>0</truncated>
		<difficult>0</difficult>
		<bndbox>
			<xmin>84</xmin>
			<ymin>18</ymin>
			<xmax>190</xmax>
			<ymax>146</ymax>
		</bndbox>
	</object>
</annotation>
