<annotation>
	<folder>no_mask</folder>
	<filename>N0_Mask240.jpg</filename>
	<path>/home/ashing/Data_Mask/no_mask/N0_Mask240.jpg</path>
	<source>
		<database>Unknown</database>
	</source>
	<size>
		<width>640</width>
		<height>556</height>
		<depth>3</depth>
	</size>
	<segmented>0</segmented>
	<object>
		<name>No_Mask</name>
		<pose>Unspecified</pose>
		<truncated>0</truncated>
		<difficult>0</difficult>
		<bndbox>
			<xmin>75</xmin>
			<ymin>211</ymin>
			<xmax>292</xmax>
			<ymax>488</ymax>
		</bndbox>
	</object>
	<object>
		<name>No_Mask</name>
		<pose>Unspecified</pose>
		<truncated>0</truncated>
		<difficult>0</difficult>
		<bndbox>
			<xmin>345</xmin>
			<ymin>189</ymin>
			<xmax>591</xmax>
			<ymax>440</ymax>
		</bndbox>
	</object>
</annotation>
