<annotation>
	<folder>no_mask</folder>
	<filename>N0_Mask085.jpg</filename>
	<path>/home/ashing/Data_Mask/no_mask/N0_Mask085.jpg</path>
	<source>
		<database>Unknown</database>
	</source>
	<size>
		<width>600</width>
		<height>400</height>
		<depth>3</depth>
	</size>
	<segmented>0</segmented>
	<object>
		<name>No_Mask</name>
		<pose>Unspecified</pose>
		<truncated>0</truncated>
		<difficult>0</difficult>
		<bndbox>
			<xmin>28</xmin>
			<ymin>98</ymin>
			<xmax>82</xmax>
			<ymax>159</ymax>
		</bndbox>
	</object>
	<object>
		<name>No_Mask</name>
		<pose>Unspecified</pose>
		<truncated>0</truncated>
		<difficult>0</difficult>
		<bndbox>
			<xmin>314</xmin>
			<ymin>219</ymin>
			<xmax>365</xmax>
			<ymax>275</ymax>
		</bndbox>
	</object>
	<object>
		<name>No_Mask</name>
		<pose>Unspecified</pose>
		<truncated>0</truncated>
		<difficult>0</difficult>
		<bndbox>
			<xmin>474</xmin>
			<ymin>31</ymin>
			<xmax>537</xmax>
			<ymax>90</ymax>
		</bndbox>
	</object>
</annotation>
