<annotation>
	<folder>lady</folder>
	<filename>N0_Mask125.jpg</filename>
	<path>C:\lady\N0_Mask125.jpg</path>
	<source>
		<database>Unknown</database>
	</source>
	<size>
		<width>1024</width>
		<height>576</height>
		<depth>3</depth>
	</size>
	<segmented>0</segmented>
	<object>
		<name>No_Mask</name>
		<pose>Unspecified</pose>
		<truncated>0</truncated>
		<difficult>0</difficult>
		<bndbox>
			<xmin>588</xmin>
			<ymin>64</ymin>
			<xmax>902</xmax>
			<ymax>430</ymax>
		</bndbox>
	</object>
</annotation>
