<annotation>
	<folder>no_mask</folder>
	<filename>N0_Mask071.jpg</filename>
	<path>/home/ashing/Data_Mask/no_mask/N0_Mask071.jpg</path>
	<source>
		<database>Unknown</database>
	</source>
	<size>
		<width>1594</width>
		<height>864</height>
		<depth>3</depth>
	</size>
	<segmented>0</segmented>
	<object>
		<name>No_Mask</name>
		<pose>Unspecified</pose>
		<truncated>1</truncated>
		<difficult>0</difficult>
		<bndbox>
			<xmin>547</xmin>
			<ymin>229</ymin>
			<xmax>1034</xmax>
			<ymax>864</ymax>
		</bndbox>
	</object>
</annotation>
