<annotation>
	<folder>no_mask</folder>
	<filename>N0_Mask231.jpg</filename>
	<path>/home/ashing/Data_Mask/no_mask/N0_Mask231.jpg</path>
	<source>
		<database>Unknown</database>
	</source>
	<size>
		<width>1049</width>
		<height>665</height>
		<depth>3</depth>
	</size>
	<segmented>0</segmented>
	<object>
		<name>No_Mask</name>
		<pose>Unspecified</pose>
		<truncated>0</truncated>
		<difficult>0</difficult>
		<bndbox>
			<xmin>735</xmin>
			<ymin>64</ymin>
			<xmax>874</xmax>
			<ymax>251</ymax>
		</bndbox>
	</object>
	<object>
		<name>No_Mask</name>
		<pose>Unspecified</pose>
		<truncated>0</truncated>
		<difficult>0</difficult>
		<bndbox>
			<xmin>167</xmin>
			<ymin>139</ymin>
			<xmax>277</xmax>
			<ymax>266</ymax>
		</bndbox>
	</object>
</annotation>
