<annotation>
	<folder>no_mask</folder>
	<filename>N0_Mask020.jpg</filename>
	<path>/home/ashing/Data_Mask/no_mask/N0_Mask020.jpg</path>
	<source>
		<database>Unknown</database>
	</source>
	<size>
		<width>990</width>
		<height>636</height>
		<depth>3</depth>
	</size>
	<segmented>0</segmented>
	<object>
		<name>No_Mask</name>
		<pose>Unspecified</pose>
		<truncated>0</truncated>
		<difficult>0</difficult>
		<bndbox>
			<xmin>385</xmin>
			<ymin>125</ymin>
			<xmax>487</xmax>
			<ymax>217</ymax>
		</bndbox>
	</object>
	<object>
		<name>No_Mask</name>
		<pose>Unspecified</pose>
		<truncated>0</truncated>
		<difficult>0</difficult>
		<bndbox>
			<xmin>671</xmin>
			<ymin>136</ymin>
			<xmax>776</xmax>
			<ymax>247</ymax>
		</bndbox>
	</object>
	<object>
		<name>Mask</name>
		<pose>Unspecified</pose>
		<truncated>0</truncated>
		<difficult>0</difficult>
		<bndbox>
			<xmin>54</xmin>
			<ymin>214</ymin>
			<xmax>118</xmax>
			<ymax>295</ymax>
		</bndbox>
	</object>
</annotation>
