<annotation>
	<folder>lady</folder>
	<filename>N0_Mask134.jpg</filename>
	<path>C:\lady\N0_Mask134.jpg</path>
	<source>
		<database>Unknown</database>
	</source>
	<size>
		<width>290</width>
		<height>174</height>
		<depth>3</depth>
	</size>
	<segmented>0</segmented>
	<object>
		<name>No_Mask</name>
		<pose>Unspecified</pose>
		<truncated>0</truncated>
		<difficult>0</difficult>
		<bndbox>
			<xmin>82</xmin>
			<ymin>12</ymin>
			<xmax>189</xmax>
			<ymax>142</ymax>
		</bndbox>
	</object>
</annotation>
