<annotation>
	<folder>no_mask</folder>
	<filename>N0_Mask219.jpg</filename>
	<path>/home/ashing/Data_Mask/no_mask/N0_Mask219.jpg</path>
	<source>
		<database>Unknown</database>
	</source>
	<size>
		<width>1280</width>
		<height>720</height>
		<depth>3</depth>
	</size>
	<segmented>0</segmented>
	<object>
		<name>No_Mask</name>
		<pose>Unspecified</pose>
		<truncated>0</truncated>
		<difficult>0</difficult>
		<bndbox>
			<xmin>94</xmin>
			<ymin>119</ymin>
			<xmax>296</xmax>
			<ymax>351</ymax>
		</bndbox>
	</object>
	<object>
		<name>No_Mask</name>
		<pose>Unspecified</pose>
		<truncated>0</truncated>
		<difficult>0</difficult>
		<bndbox>
			<xmin>572</xmin>
			<ymin>363</ymin>
			<xmax>650</xmax>
			<ymax>493</ymax>
		</bndbox>
	</object>
</annotation>
