<annotation>
	<folder>no_mask</folder>
	<filename>N0_Mask217.jpg</filename>
	<path>/home/ashing/Data_Mask/no_mask/N0_Mask217.jpg</path>
	<source>
		<database>Unknown</database>
	</source>
	<size>
		<width>1280</width>
		<height>720</height>
		<depth>3</depth>
	</size>
	<segmented>0</segmented>
	<object>
		<name>No_Mask</name>
		<pose>Unspecified</pose>
		<truncated>0</truncated>
		<difficult>0</difficult>
		<bndbox>
			<xmin>368</xmin>
			<ymin>106</ymin>
			<xmax>659</xmax>
			<ymax>461</ymax>
		</bndbox>
	</object>
	<object>
		<name>No_Mask</name>
		<pose>Unspecified</pose>
		<truncated>0</truncated>
		<difficult>0</difficult>
		<bndbox>
			<xmin>686</xmin>
			<ymin>95</ymin>
			<xmax>996</xmax>
			<ymax>468</ymax>
		</bndbox>
	</object>
</annotation>
