<annotation>
	<folder>no_mask</folder>
	<filename>N0_Mask076.jpg</filename>
	<path>/home/ashing/Data_Mask/no_mask/N0_Mask076.jpg</path>
	<source>
		<database>Unknown</database>
	</source>
	<size>
		<width>1910</width>
		<height>978</height>
		<depth>3</depth>
	</size>
	<segmented>0</segmented>
	<object>
		<name>No_Mask</name>
		<pose>Unspecified</pose>
		<truncated>0</truncated>
		<difficult>0</difficult>
		<bndbox>
			<xmin>208</xmin>
			<ymin>50</ymin>
			<xmax>411</xmax>
			<ymax>285</ymax>
		</bndbox>
	</object>
	<object>
		<name>No_Mask</name>
		<pose>Unspecified</pose>
		<truncated>0</truncated>
		<difficult>0</difficult>
		<bndbox>
			<xmin>693</xmin>
			<ymin>178</ymin>
			<xmax>1042</xmax>
			<ymax>599</ymax>
		</bndbox>
	</object>
	<object>
		<name>No_Mask</name>
		<pose>Unspecified</pose>
		<truncated>0</truncated>
		<difficult>0</difficult>
		<bndbox>
			<xmin>1365</xmin>
			<ymin>159</ymin>
			<xmax>1750</xmax>
			<ymax>691</ymax>
		</bndbox>
	</object>
	<object>
		<name>No_Mask</name>
		<pose>Unspecified</pose>
		<truncated>0</truncated>
		<difficult>0</difficult>
		<bndbox>
			<xmin>152</xmin>
			<ymin>541</ymin>
			<xmax>467</xmax>
			<ymax>907</ymax>
		</bndbox>
	</object>
</annotation>
