<annotation>
	<folder>no_mask</folder>
	<filename>N0_Mask068.jpg</filename>
	<path>/home/ashing/Data_Mask/no_mask/N0_Mask068.jpg</path>
	<source>
		<database>Unknown</database>
	</source>
	<size>
		<width>1200</width>
		<height>675</height>
		<depth>3</depth>
	</size>
	<segmented>0</segmented>
	<object>
		<name>No_Mask</name>
		<pose>Unspecified</pose>
		<truncated>0</truncated>
		<difficult>0</difficult>
		<bndbox>
			<xmin>24</xmin>
			<ymin>116</ymin>
			<xmax>339</xmax>
			<ymax>520</ymax>
		</bndbox>
	</object>
	<object>
		<name>No_Mask</name>
		<pose>Unspecified</pose>
		<truncated>0</truncated>
		<difficult>0</difficult>
		<bndbox>
			<xmin>457</xmin>
			<ymin>105</ymin>
			<xmax>802</xmax>
			<ymax>492</ymax>
		</bndbox>
	</object>
</annotation>
