<annotation>
	<folder>no_mask</folder>
	<filename>N0_Mask029.jpg</filename>
	<path>/home/ashing/Data_Mask/no_mask/N0_Mask029.jpg</path>
	<source>
		<database>Unknown</database>
	</source>
	<size>
		<width>600</width>
		<height>715</height>
		<depth>3</depth>
	</size>
	<segmented>0</segmented>
	<object>
		<name>No_Mask</name>
		<pose>Unspecified</pose>
		<truncated>0</truncated>
		<difficult>0</difficult>
		<bndbox>
			<xmin>5</xmin>
			<ymin>198</ymin>
			<xmax>126</xmax>
			<ymax>376</ymax>
		</bndbox>
	</object>
	<object>
		<name>No_Mask</name>
		<pose>Unspecified</pose>
		<truncated>0</truncated>
		<difficult>0</difficult>
		<bndbox>
			<xmin>230</xmin>
			<ymin>151</ymin>
			<xmax>385</xmax>
			<ymax>338</ymax>
		</bndbox>
	</object>
	<object>
		<name>No_Mask</name>
		<pose>Unspecified</pose>
		<truncated>0</truncated>
		<difficult>0</difficult>
		<bndbox>
			<xmin>451</xmin>
			<ymin>163</ymin>
			<xmax>598</xmax>
			<ymax>363</ymax>
		</bndbox>
	</object>
</annotation>
