<annotation>
	<folder>no_mask</folder>
	<filename>N0_Mask268.jpg</filename>
	<path>/home/ashing/Data_Mask/no_mask/N0_Mask268.jpg</path>
	<source>
		<database>Unknown</database>
	</source>
	<size>
		<width>339</width>
		<height>512</height>
		<depth>3</depth>
	</size>
	<segmented>0</segmented>
	<object>
		<name>No_Mask</name>
		<pose>Unspecified</pose>
		<truncated>0</truncated>
		<difficult>0</difficult>
		<bndbox>
			<xmin>169</xmin>
			<ymin>111</ymin>
			<xmax>234</xmax>
			<ymax>186</ymax>
		</bndbox>
	</object>
</annotation>
