<annotation>
	<folder>lady</folder>
	<filename>N0_Mask197.jpg</filename>
	<path>C:\lady\N0_Mask197.jpg</path>
	<source>
		<database>Unknown</database>
	</source>
	<size>
		<width>196</width>
		<height>257</height>
		<depth>3</depth>
	</size>
	<segmented>0</segmented>
	<object>
		<name>No_Mask</name>
		<pose>Unspecified</pose>
		<truncated>0</truncated>
		<difficult>0</difficult>
		<bndbox>
			<xmin>52</xmin>
			<ymin>24</ymin>
			<xmax>189</xmax>
			<ymax>223</ymax>
		</bndbox>
	</object>
</annotation>
