<annotation>
	<folder>no_mask</folder>
	<filename>N0_Mask229.jpg</filename>
	<path>/home/ashing/Data_Mask/no_mask/N0_Mask229.jpg</path>
	<source>
		<database>Unknown</database>
	</source>
	<size>
		<width>1048</width>
		<height>589</height>
		<depth>3</depth>
	</size>
	<segmented>0</segmented>
	<object>
		<name>No_Mask</name>
		<pose>Unspecified</pose>
		<truncated>0</truncated>
		<difficult>0</difficult>
		<bndbox>
			<xmin>110</xmin>
			<ymin>101</ymin>
			<xmax>393</xmax>
			<ymax>442</ymax>
		</bndbox>
	</object>
	<object>
		<name>No_Mask</name>
		<pose>Unspecified</pose>
		<truncated>0</truncated>
		<difficult>0</difficult>
		<bndbox>
			<xmin>645</xmin>
			<ymin>103</ymin>
			<xmax>958</xmax>
			<ymax>464</ymax>
		</bndbox>
	</object>
</annotation>
