<annotation>
	<folder>no_mask</folder>
	<filename>N0_Mask067.jpg</filename>
	<path>/home/ashing/Data_Mask/no_mask/N0_Mask067.jpg</path>
	<source>
		<database>Unknown</database>
	</source>
	<size>
		<width>802</width>
		<height>502</height>
		<depth>3</depth>
	</size>
	<segmented>0</segmented>
	<object>
		<name>No_Mask</name>
		<pose>Unspecified</pose>
		<truncated>0</truncated>
		<difficult>0</difficult>
		<bndbox>
			<xmin>83</xmin>
			<ymin>100</ymin>
			<xmax>302</xmax>
			<ymax>359</ymax>
		</bndbox>
	</object>
	<object>
		<name>No_Mask</name>
		<pose>Unspecified</pose>
		<truncated>0</truncated>
		<difficult>0</difficult>
		<bndbox>
			<xmin>496</xmin>
			<ymin>113</ymin>
			<xmax>709</xmax>
			<ymax>380</ymax>
		</bndbox>
	</object>
</annotation>
