<annotation>
	<folder>no_mask</folder>
	<filename>N0_Mask163.jpg</filename>
	<path>/home/ashing/Data_Mask/no_mask/N0_Mask163.jpg</path>
	<source>
		<database>Unknown</database>
	</source>
	<size>
		<width>275</width>
		<height>183</height>
		<depth>3</depth>
	</size>
	<segmented>0</segmented>
	<object>
		<name>No_Mask</name>
		<pose>Unspecified</pose>
		<truncated>0</truncated>
		<difficult>0</difficult>
		<bndbox>
			<xmin>120</xmin>
			<ymin>49</ymin>
			<xmax>141</xmax>
			<ymax>79</ymax>
		</bndbox>
	</object>
	<object>
		<name>No_Mask</name>
		<pose>Unspecified</pose>
		<truncated>0</truncated>
		<difficult>0</difficult>
		<bndbox>
			<xmin>57</xmin>
			<ymin>54</ymin>
			<xmax>80</xmax>
			<ymax>82</ymax>
		</bndbox>
	</object>
	<object>
		<name>No_Mask</name>
		<pose>Unspecified</pose>
		<truncated>0</truncated>
		<difficult>0</difficult>
		<bndbox>
			<xmin>188</xmin>
			<ymin>54</ymin>
			<xmax>213</xmax>
			<ymax>77</ymax>
		</bndbox>
	</object>
</annotation>
