<annotation>
	<folder>no_mask</folder>
	<filename>N0_Mask035.jpg</filename>
	<path>/home/ashing/Data_Mask/no_mask/N0_Mask035.jpg</path>
	<source>
		<database>Unknown</database>
	</source>
	<size>
		<width>764</width>
		<height>424</height>
		<depth>3</depth>
	</size>
	<segmented>0</segmented>
	<object>
		<name>No_Mask</name>
		<pose>Unspecified</pose>
		<truncated>0</truncated>
		<difficult>0</difficult>
		<bndbox>
			<xmin>71</xmin>
			<ymin>85</ymin>
			<xmax>250</xmax>
			<ymax>321</ymax>
		</bndbox>
	</object>
	<object>
		<name>No_Mask</name>
		<pose>Unspecified</pose>
		<truncated>0</truncated>
		<difficult>0</difficult>
		<bndbox>
			<xmin>484</xmin>
			<ymin>98</ymin>
			<xmax>670</xmax>
			<ymax>320</ymax>
		</bndbox>
	</object>
</annotation>
