<annotation>
	<folder>lady</folder>
	<filename>N0_Mask194.jpg</filename>
	<path>C:\lady\N0_Mask194.jpg</path>
	<source>
		<database>Unknown</database>
	</source>
	<size>
		<width>255</width>
		<height>198</height>
		<depth>3</depth>
	</size>
	<segmented>0</segmented>
	<object>
		<name>No_Mask</name>
		<pose>Unspecified</pose>
		<truncated>0</truncated>
		<difficult>0</difficult>
		<bndbox>
			<xmin>86</xmin>
			<ymin>28</ymin>
			<xmax>162</xmax>
			<ymax>148</ymax>
		</bndbox>
	</object>
</annotation>
