<annotation>
	<folder>lady</folder>
	<filename>N0_Mask175.jpg</filename>
	<path>C:\lady\N0_Mask175.jpg</path>
	<source>
		<database>Unknown</database>
	</source>
	<size>
		<width>275</width>
		<height>183</height>
		<depth>3</depth>
	</size>
	<segmented>0</segmented>
	<object>
		<name>No_Mask</name>
		<pose>Unspecified</pose>
		<truncated>0</truncated>
		<difficult>0</difficult>
		<bndbox>
			<xmin>107</xmin>
			<ymin>2</ymin>
			<xmax>199</xmax>
			<ymax>110</ymax>
		</bndbox>
	</object>
</annotation>
