<annotation>
	<folder>no_mask</folder>
	<filename>N0_Mask168.jpg</filename>
	<path>/home/ashing/Data_Mask/no_mask/N0_Mask168.jpg</path>
	<source>
		<database>Unknown</database>
	</source>
	<size>
		<width>267</width>
		<height>189</height>
		<depth>3</depth>
	</size>
	<segmented>0</segmented>
	<object>
		<name>No_Mask</name>
		<pose>Unspecified</pose>
		<truncated>0</truncated>
		<difficult>0</difficult>
		<bndbox>
			<xmin>84</xmin>
			<ymin>30</ymin>
			<xmax>166</xmax>
			<ymax>123</ymax>
		</bndbox>
	</object>
	<object>
		<name>No_Mask</name>
		<pose>Unspecified</pose>
		<truncated>0</truncated>
		<difficult>0</difficult>
		<bndbox>
			<xmin>17</xmin>
			<ymin>12</ymin>
			<xmax>80</xmax>
			<ymax>87</ymax>
		</bndbox>
	</object>
</annotation>
