<annotation>
	<folder>lady</folder>
	<filename>N0_Mask260.jpg</filename>
	<path>C:\lady\N0_Mask260.jpg</path>
	<source>
		<database>Unknown</database>
	</source>
	<size>
		<width>500</width>
		<height>375</height>
		<depth>3</depth>
	</size>
	<segmented>0</segmented>
	<object>
		<name>No_Mask</name>
		<pose>Unspecified</pose>
		<truncated>1</truncated>
		<difficult>0</difficult>
		<bndbox>
			<xmin>96</xmin>
			<ymin>1</ymin>
			<xmax>415</xmax>
			<ymax>337</ymax>
		</bndbox>
	</object>
</annotation>
