<annotation>
	<folder>no_mask</folder>
	<filename>N0_Mask077.jpg</filename>
	<path>/home/ashing/Data_Mask/no_mask/N0_Mask077.jpg</path>
	<source>
		<database>Unknown</database>
	</source>
	<size>
		<width>1916</width>
		<height>1028</height>
		<depth>3</depth>
	</size>
	<segmented>0</segmented>
	<object>
		<name>No_Mask</name>
		<pose>Unspecified</pose>
		<truncated>0</truncated>
		<difficult>0</difficult>
		<bndbox>
			<xmin>267</xmin>
			<ymin>48</ymin>
			<xmax>567</xmax>
			<ymax>518</ymax>
		</bndbox>
	</object>
	<object>
		<name>No_Mask</name>
		<pose>Unspecified</pose>
		<truncated>0</truncated>
		<difficult>0</difficult>
		<bndbox>
			<xmin>880</xmin>
			<ymin>56</ymin>
			<xmax>1093</xmax>
			<ymax>359</ymax>
		</bndbox>
	</object>
	<object>
		<name>No_Mask</name>
		<pose>Unspecified</pose>
		<truncated>0</truncated>
		<difficult>0</difficult>
		<bndbox>
			<xmin>1290</xmin>
			<ymin>109</ymin>
			<xmax>1680</xmax>
			<ymax>635</ymax>
		</bndbox>
	</object>
	<object>
		<name>No_Mask</name>
		<pose>Unspecified</pose>
		<truncated>0</truncated>
		<difficult>0</difficult>
		<bndbox>
			<xmin>725</xmin>
			<ymin>550</ymin>
			<xmax>1024</xmax>
			<ymax>932</ymax>
		</bndbox>
	</object>
</annotation>
