<annotation>
	<folder>lady</folder>
	<filename>N0_Mask193.jpg</filename>
	<path>C:\lady\N0_Mask193.jpg</path>
	<source>
		<database>Unknown</database>
	</source>
	<size>
		<width>188</width>
		<height>268</height>
		<depth>3</depth>
	</size>
	<segmented>0</segmented>
	<object>
		<name>No_Mask</name>
		<pose>Unspecified</pose>
		<truncated>0</truncated>
		<difficult>0</difficult>
		<bndbox>
			<xmin>13</xmin>
			<ymin>6</ymin>
			<xmax>168</xmax>
			<ymax>245</ymax>
		</bndbox>
	</object>
</annotation>
