<annotation>
	<folder>lady</folder>
	<filename>N0_Mask252.jpg</filename>
	<path>C:\lady\N0_Mask252.jpg</path>
	<source>
		<database>Unknown</database>
	</source>
	<size>
		<width>800</width>
		<height>702</height>
		<depth>3</depth>
	</size>
	<segmented>0</segmented>
	<object>
		<name>No_Mask</name>
		<pose>Unspecified</pose>
		<truncated>0</truncated>
		<difficult>0</difficult>
		<bndbox>
			<xmin>124</xmin>
			<ymin>46</ymin>
			<xmax>618</xmax>
			<ymax>659</ymax>
		</bndbox>
	</object>
</annotation>
