<annotation>
	<folder>no_mask</folder>
	<filename>N0_Mask189.jpg</filename>
	<path>/home/ashing/Data_Mask/no_mask/N0_Mask189.jpg</path>
	<source>
		<database>Unknown</database>
	</source>
	<size>
		<width>215</width>
		<height>235</height>
		<depth>3</depth>
	</size>
	<segmented>0</segmented>
	<object>
		<name>No_Mask</name>
		<pose>Unspecified</pose>
		<truncated>0</truncated>
		<difficult>0</difficult>
		<bndbox>
			<xmin>42</xmin>
			<ymin>43</ymin>
			<xmax>166</xmax>
			<ymax>213</ymax>
		</bndbox>
	</object>
</annotation>
