<annotation>
	<folder>no_mask</folder>
	<filename>N0_Mask273.jpg</filename>
	<path>/home/ashing/Data_Mask/no_mask/N0_Mask273.jpg</path>
	<source>
		<database>Unknown</database>
	</source>
	<size>
		<width>720</width>
		<height>373</height>
		<depth>3</depth>
	</size>
	<segmented>0</segmented>
	<object>
		<name>No_Mask</name>
		<pose>Unspecified</pose>
		<truncated>0</truncated>
		<difficult>0</difficult>
		<bndbox>
			<xmin>58</xmin>
			<ymin>73</ymin>
			<xmax>286</xmax>
			<ymax>347</ymax>
		</bndbox>
	</object>
	<object>
		<name>No_Mask</name>
		<pose>Unspecified</pose>
		<truncated>0</truncated>
		<difficult>0</difficult>
		<bndbox>
			<xmin>445</xmin>
			<ymin>63</ymin>
			<xmax>657</xmax>
			<ymax>343</ymax>
		</bndbox>
	</object>
</annotation>
