<annotation>
	<folder>no_mask</folder>
	<filename>N0_Mask161.jpg</filename>
	<path>/home/ashing/Data_Mask/no_mask/N0_Mask161.jpg</path>
	<source>
		<database>Unknown</database>
	</source>
	<size>
		<width>298</width>
		<height>169</height>
		<depth>3</depth>
	</size>
	<segmented>0</segmented>
	<object>
		<name>No_Mask</name>
		<pose>Unspecified</pose>
		<truncated>0</truncated>
		<difficult>0</difficult>
		<bndbox>
			<xmin>136</xmin>
			<ymin>32</ymin>
			<xmax>181</xmax>
			<ymax>84</ymax>
		</bndbox>
	</object>
</annotation>
