<annotation>
	<folder>no_mask</folder>
	<filename>N0_Mask159.jpg</filename>
	<path>/home/ashing/Data_Mask/no_mask/N0_Mask159.jpg</path>
	<source>
		<database>Unknown</database>
	</source>
	<size>
		<width>242</width>
		<height>208</height>
		<depth>3</depth>
	</size>
	<segmented>0</segmented>
	<object>
		<name>No_Mask</name>
		<pose>Unspecified</pose>
		<truncated>0</truncated>
		<difficult>0</difficult>
		<bndbox>
			<xmin>86</xmin>
			<ymin>46</ymin>
			<xmax>131</xmax>
			<ymax>94</ymax>
		</bndbox>
	</object>
</annotation>
