<annotation>
	<folder>no_mask</folder>
	<filename>N0_Mask044.jpg</filename>
	<path>/home/ashing/Data_Mask/no_mask/N0_Mask044.jpg</path>
	<source>
		<database>Unknown</database>
	</source>
	<size>
		<width>1024</width>
		<height>768</height>
		<depth>3</depth>
	</size>
	<segmented>0</segmented>
	<object>
		<name>No_Mask</name>
		<pose>Unspecified</pose>
		<truncated>0</truncated>
		<difficult>0</difficult>
		<bndbox>
			<xmin>440</xmin>
			<ymin>84</ymin>
			<xmax>609</xmax>
			<ymax>303</ymax>
		</bndbox>
	</object>
</annotation>
