<annotation>
	<folder>lady</folder>
	<filename>N0_Mask173.jpg</filename>
	<path>C:\lady\N0_Mask173.jpg</path>
	<source>
		<database>Unknown</database>
	</source>
	<size>
		<width>360</width>
		<height>140</height>
		<depth>3</depth>
	</size>
	<segmented>0</segmented>
	<object>
		<name>No_Mask</name>
		<pose>Unspecified</pose>
		<truncated>0</truncated>
		<difficult>0</difficult>
		<bndbox>
			<xmin>237</xmin>
			<ymin>31</ymin>
			<xmax>298</xmax>
			<ymax>115</ymax>
		</bndbox>
	</object>
</annotation>
