<annotation>
	<folder>no_mask</folder>
	<filename>N0_Mask177.jpg</filename>
	<path>/home/ashing/Data_Mask/no_mask/N0_Mask177.jpg</path>
	<source>
		<database>Unknown</database>
	</source>
	<size>
		<width>324</width>
		<height>155</height>
		<depth>3</depth>
	</size>
	<segmented>0</segmented>
	<object>
		<name>No_Mask</name>
		<pose>Unspecified</pose>
		<truncated>0</truncated>
		<difficult>0</difficult>
		<bndbox>
			<xmin>24</xmin>
			<ymin>35</ymin>
			<xmax>72</xmax>
			<ymax>105</ymax>
		</bndbox>
	</object>
	<object>
		<name>No_Mask</name>
		<pose>Unspecified</pose>
		<truncated>0</truncated>
		<difficult>0</difficult>
		<bndbox>
			<xmin>217</xmin>
			<ymin>46</ymin>
			<xmax>269</xmax>
			<ymax>106</ymax>
		</bndbox>
	</object>
</annotation>
