<annotation>
	<folder>lady</folder>
	<filename>N0_Mask110.jpg</filename>
	<path>C:\lady\N0_Mask110.jpg</path>
	<source>
		<database>Unknown</database>
	</source>
	<size>
		<width>600</width>
		<height>439</height>
		<depth>3</depth>
	</size>
	<segmented>0</segmented>
	<object>
		<name>No_Mask</name>
		<pose>Unspecified</pose>
		<truncated>0</truncated>
		<difficult>0</difficult>
		<bndbox>
			<xmin>307</xmin>
			<ymin>85</ymin>
			<xmax>344</xmax>
			<ymax>137</ymax>
		</bndbox>
	</object>
</annotation>
