<annotation>
	<folder>no_mask</folder>
	<filename>N0_Mask209.jpg</filename>
	<path>/home/ashing/Data_Mask/no_mask/N0_Mask209.jpg</path>
	<source>
		<database>Unknown</database>
	</source>
	<size>
		<width>640</width>
		<height>381</height>
		<depth>3</depth>
	</size>
	<segmented>0</segmented>
	<object>
		<name>No_Mask</name>
		<pose>Unspecified</pose>
		<truncated>0</truncated>
		<difficult>0</difficult>
		<bndbox>
			<xmin>82</xmin>
			<ymin>72</ymin>
			<xmax>292</xmax>
			<ymax>319</ymax>
		</bndbox>
	</object>
	<object>
		<name>No_Mask</name>
		<pose>Unspecified</pose>
		<truncated>0</truncated>
		<difficult>0</difficult>
		<bndbox>
			<xmin>281</xmin>
			<ymin>55</ymin>
			<xmax>428</xmax>
			<ymax>267</ymax>
		</bndbox>
	</object>
	<object>
		<name>No_Mask</name>
		<pose>Unspecified</pose>
		<truncated>0</truncated>
		<difficult>0</difficult>
		<bndbox>
			<xmin>458</xmin>
			<ymin>66</ymin>
			<xmax>609</xmax>
			<ymax>264</ymax>
		</bndbox>
	</object>
</annotation>
