<annotation>
	<folder>no_mask</folder>
	<filename>N0_Mask124.jpg</filename>
	<path>/home/ashing/Data_Mask/no_mask/N0_Mask124.jpg</path>
	<source>
		<database>Unknown</database>
	</source>
	<size>
		<width>1200</width>
		<height>628</height>
		<depth>3</depth>
	</size>
	<segmented>0</segmented>
	<object>
		<name>No_Mask</name>
		<pose>Unspecified</pose>
		<truncated>0</truncated>
		<difficult>0</difficult>
		<bndbox>
			<xmin>268</xmin>
			<ymin>327</ymin>
			<xmax>431</xmax>
			<ymax>564</ymax>
		</bndbox>
	</object>
	<object>
		<name>No_Mask</name>
		<pose>Unspecified</pose>
		<truncated>0</truncated>
		<difficult>0</difficult>
		<bndbox>
			<xmin>709</xmin>
			<ymin>229</ymin>
			<xmax>924</xmax>
			<ymax>624</ymax>
		</bndbox>
	</object>
</annotation>
