<annotation>
	<folder>lady</folder>
	<filename>N0_Mask106.jpg</filename>
	<path>C:\lady\N0_Mask106.jpg</path>
	<source>
		<database>Unknown</database>
	</source>
	<size>
		<width>640</width>
		<height>637</height>
		<depth>3</depth>
	</size>
	<segmented>0</segmented>
	<object>
		<name>No_Mask</name>
		<pose>Unspecified</pose>
		<truncated>0</truncated>
		<difficult>0</difficult>
		<bndbox>
			<xmin>235</xmin>
			<ymin>195</ymin>
			<xmax>466</xmax>
			<ymax>526</ymax>
		</bndbox>
	</object>
</annotation>
