<annotation>
	<folder>lady</folder>
	<filename>N0_Mask206.jpg</filename>
	<path>C:\lady\N0_Mask206.jpg</path>
	<source>
		<database>Unknown</database>
	</source>
	<size>
		<width>1400</width>
		<height>933</height>
		<depth>3</depth>
	</size>
	<segmented>0</segmented>
	<object>
		<name>No_Mask</name>
		<pose>Unspecified</pose>
		<truncated>0</truncated>
		<difficult>0</difficult>
		<bndbox>
			<xmin>606</xmin>
			<ymin>96</ymin>
			<xmax>898</xmax>
			<ymax>489</ymax>
		</bndbox>
	</object>
</annotation>
