<annotation>
	<folder>no_mask</folder>
	<filename>N0_Mask178.jpg</filename>
	<path>/home/ashing/Data_Mask/no_mask/N0_Mask178.jpg</path>
	<source>
		<database>Unknown</database>
	</source>
	<size>
		<width>275</width>
		<height>183</height>
		<depth>3</depth>
	</size>
	<segmented>0</segmented>
	<object>
		<name>No_Mask</name>
		<pose>Unspecified</pose>
		<truncated>0</truncated>
		<difficult>0</difficult>
		<bndbox>
			<xmin>49</xmin>
			<ymin>28</ymin>
			<xmax>113</xmax>
			<ymax>116</ymax>
		</bndbox>
	</object>
	<object>
		<name>No_Mask</name>
		<pose>Unspecified</pose>
		<truncated>0</truncated>
		<difficult>0</difficult>
		<bndbox>
			<xmin>184</xmin>
			<ymin>42</ymin>
			<xmax>238</xmax>
			<ymax>110</ymax>
		</bndbox>
	</object>
</annotation>
