<annotation>
	<folder>no_mask</folder>
	<filename>N0_Mask009.jpg</filename>
	<path>/home/ashing/Data_Mask/no_mask/N0_Mask009.jpg</path>
	<source>
		<database>Unknown</database>
	</source>
	<size>
		<width>1424</width>
		<height>493</height>
		<depth>3</depth>
	</size>
	<segmented>0</segmented>
	<object>
		<name>No_Mask</name>
		<pose>Unspecified</pose>
		<truncated>0</truncated>
		<difficult>0</difficult>
		<bndbox>
			<xmin>39</xmin>
			<ymin>78</ymin>
			<xmax>381</xmax>
			<ymax>463</ymax>
		</bndbox>
	</object>
	<object>
		<name>No_Mask</name>
		<pose>Unspecified</pose>
		<truncated>0</truncated>
		<difficult>0</difficult>
		<bndbox>
			<xmin>523</xmin>
			<ymin>86</ymin>
			<xmax>848</xmax>
			<ymax>460</ymax>
		</bndbox>
	</object>
	<object>
		<name>No_Mask</name>
		<pose>Unspecified</pose>
		<truncated>0</truncated>
		<difficult>0</difficult>
		<bndbox>
			<xmin>1014</xmin>
			<ymin>83</ymin>
			<xmax>1336</xmax>
			<ymax>449</ymax>
		</bndbox>
	</object>
</annotation>
