<annotation>
	<folder>no_mask</folder>
	<filename>N0_Mask220.jpg</filename>
	<path>/home/ashing/Data_Mask/no_mask/N0_Mask220.jpg</path>
	<source>
		<database>Unknown</database>
	</source>
	<size>
		<width>1280</width>
		<height>720</height>
		<depth>3</depth>
	</size>
	<segmented>0</segmented>
	<object>
		<name>No_Mask</name>
		<pose>Unspecified</pose>
		<truncated>0</truncated>
		<difficult>0</difficult>
		<bndbox>
			<xmin>148</xmin>
			<ymin>265</ymin>
			<xmax>334</xmax>
			<ymax>521</ymax>
		</bndbox>
	</object>
	<object>
		<name>No_Mask</name>
		<pose>Unspecified</pose>
		<truncated>0</truncated>
		<difficult>0</difficult>
		<bndbox>
			<xmin>946</xmin>
			<ymin>300</ymin>
			<xmax>1094</xmax>
			<ymax>480</ymax>
		</bndbox>
	</object>
</annotation>
