<annotation>
	<folder>lady</folder>
	<filename>N0_Mask065.jpg</filename>
	<path>C:\lady\N0_Mask065.jpg</path>
	<source>
		<database>Unknown</database>
	</source>
	<size>
		<width>350</width>
		<height>500</height>
		<depth>3</depth>
	</size>
	<segmented>0</segmented>
	<object>
		<name>No_Mask</name>
		<pose>Unspecified</pose>
		<truncated>1</truncated>
		<difficult>0</difficult>
		<bndbox>
			<xmin>50</xmin>
			<ymin>1</ymin>
			<xmax>350</xmax>
			<ymax>332</ymax>
		</bndbox>
	</object>
</annotation>
