<annotation>
	<folder>no_mask</folder>
	<filename>N0_Mask047.jpg</filename>
	<path>/home/ashing/Data_Mask/no_mask/N0_Mask047.jpg</path>
	<source>
		<database>Unknown</database>
	</source>
	<size>
		<width>786</width>
		<height>1126</height>
		<depth>3</depth>
	</size>
	<segmented>0</segmented>
	<object>
		<name>No_Mask</name>
		<pose>Unspecified</pose>
		<truncated>0</truncated>
		<difficult>0</difficult>
		<bndbox>
			<xmin>117</xmin>
			<ymin>220</ymin>
			<xmax>283</xmax>
			<ymax>408</ymax>
		</bndbox>
	</object>
	<object>
		<name>No_Mask</name>
		<pose>Unspecified</pose>
		<truncated>0</truncated>
		<difficult>0</difficult>
		<bndbox>
			<xmin>375</xmin>
			<ymin>153</ymin>
			<xmax>561</xmax>
			<ymax>364</ymax>
		</bndbox>
	</object>
</annotation>
