<annotation>
	<folder>no_mask</folder>
	<filename>N0_Mask082.jpg</filename>
	<path>/home/ashing/Data_Mask/no_mask/N0_Mask082.jpg</path>
	<source>
		<database>Unknown</database>
	</source>
	<size>
		<width>1080</width>
		<height>579</height>
		<depth>3</depth>
	</size>
	<segmented>0</segmented>
	<object>
		<name>No_Mask</name>
		<pose>Unspecified</pose>
		<truncated>0</truncated>
		<difficult>0</difficult>
		<bndbox>
			<xmin>360</xmin>
			<ymin>176</ymin>
			<xmax>459</xmax>
			<ymax>296</ymax>
		</bndbox>
	</object>
	<object>
		<name>No_Mask</name>
		<pose>Unspecified</pose>
		<truncated>0</truncated>
		<difficult>0</difficult>
		<bndbox>
			<xmin>752</xmin>
			<ymin>119</ymin>
			<xmax>868</xmax>
			<ymax>268</ymax>
		</bndbox>
	</object>
</annotation>
