<annotation>
	<folder>no_mask</folder>
	<filename>N0_Mask050.jpg</filename>
	<path>/home/ashing/Data_Mask/no_mask/N0_Mask050.jpg</path>
	<source>
		<database>Unknown</database>
	</source>
	<size>
		<width>1334</width>
		<height>1656</height>
		<depth>3</depth>
	</size>
	<segmented>0</segmented>
	<object>
		<name>No_Mask</name>
		<pose>Unspecified</pose>
		<truncated>0</truncated>
		<difficult>0</difficult>
		<bndbox>
			<xmin>134</xmin>
			<ymin>276</ymin>
			<xmax>602</xmax>
			<ymax>817</ymax>
		</bndbox>
	</object>
	<object>
		<name>No_Mask</name>
		<pose>Unspecified</pose>
		<truncated>0</truncated>
		<difficult>0</difficult>
		<bndbox>
			<xmin>939</xmin>
			<ymin>57</ymin>
			<xmax>1053</xmax>
			<ymax>183</ymax>
		</bndbox>
	</object>
	<object>
		<name>No_Mask</name>
		<pose>Unspecified</pose>
		<truncated>0</truncated>
		<difficult>0</difficult>
		<bndbox>
			<xmin>841</xmin>
			<ymin>800</ymin>
			<xmax>983</xmax>
			<ymax>966</ymax>
		</bndbox>
	</object>
	<object>
		<name>No_Mask</name>
		<pose>Unspecified</pose>
		<truncated>0</truncated>
		<difficult>0</difficult>
		<bndbox>
			<xmin>827</xmin>
			<ymin>1123</ymin>
			<xmax>970</xmax>
			<ymax>1308</ymax>
		</bndbox>
	</object>
	<object>
		<name>No_Mask</name>
		<pose>Unspecified</pose>
		<truncated>0</truncated>
		<difficult>0</difficult>
		<bndbox>
			<xmin>841</xmin>
			<ymin>1469</ymin>
			<xmax>972</xmax>
			<ymax>1615</ymax>
		</bndbox>
	</object>
</annotation>
