<annotation>
	<folder>no_mask</folder>
	<filename>N0_Mask221.jpg</filename>
	<path>/home/ashing/Data_Mask/no_mask/N0_Mask221.jpg</path>
	<source>
		<database>Unknown</database>
	</source>
	<size>
		<width>1050</width>
		<height>700</height>
		<depth>3</depth>
	</size>
	<segmented>0</segmented>
	<object>
		<name>No_Mask</name>
		<pose>Unspecified</pose>
		<truncated>0</truncated>
		<difficult>0</difficult>
		<bndbox>
			<xmin>161</xmin>
			<ymin>264</ymin>
			<xmax>249</xmax>
			<ymax>347</ymax>
		</bndbox>
	</object>
	<object>
		<name>No_Mask</name>
		<pose>Unspecified</pose>
		<truncated>0</truncated>
		<difficult>0</difficult>
		<bndbox>
			<xmin>530</xmin>
			<ymin>244</ymin>
			<xmax>618</xmax>
			<ymax>344</ymax>
		</bndbox>
	</object>
	<object>
		<name>No_Mask</name>
		<pose>Unspecified</pose>
		<truncated>0</truncated>
		<difficult>0</difficult>
		<bndbox>
			<xmin>829</xmin>
			<ymin>282</ymin>
			<xmax>910</xmax>
			<ymax>381</ymax>
		</bndbox>
	</object>
</annotation>
