<annotation>
	<folder>no_mask</folder>
	<filename>N0_Mask263.jpg</filename>
	<path>/home/ashing/Data_Mask/no_mask/N0_Mask263.jpg</path>
	<source>
		<database>Unknown</database>
	</source>
	<size>
		<width>451</width>
		<height>259</height>
		<depth>3</depth>
	</size>
	<segmented>0</segmented>
	<object>
		<name>No_Mask</name>
		<pose>Unspecified</pose>
		<truncated>0</truncated>
		<difficult>0</difficult>
		<bndbox>
			<xmin>4</xmin>
			<ymin>51</ymin>
			<xmax>109</xmax>
			<ymax>200</ymax>
		</bndbox>
	</object>
	<object>
		<name>No_Mask</name>
		<pose>Unspecified</pose>
		<truncated>0</truncated>
		<difficult>0</difficult>
		<bndbox>
			<xmin>170</xmin>
			<ymin>53</ymin>
			<xmax>285</xmax>
			<ymax>198</ymax>
		</bndbox>
	</object>
	<object>
		<name>No_Mask</name>
		<pose>Unspecified</pose>
		<truncated>0</truncated>
		<difficult>0</difficult>
		<bndbox>
			<xmin>352</xmin>
			<ymin>47</ymin>
			<xmax>449</xmax>
			<ymax>202</ymax>
		</bndbox>
	</object>
</annotation>
