<annotation>
	<folder>no_mask</folder>
	<filename>N0_Mask086.jpg</filename>
	<path>/home/ashing/Data_Mask/no_mask/N0_Mask086.jpg</path>
	<source>
		<database>Unknown</database>
	</source>
	<size>
		<width>800</width>
		<height>314</height>
		<depth>3</depth>
	</size>
	<segmented>0</segmented>
	<object>
		<name>No_Mask</name>
		<pose>Unspecified</pose>
		<truncated>0</truncated>
		<difficult>0</difficult>
		<bndbox>
			<xmin>134</xmin>
			<ymin>69</ymin>
			<xmax>286</xmax>
			<ymax>274</ymax>
		</bndbox>
	</object>
	<object>
		<name>No_Mask</name>
		<pose>Unspecified</pose>
		<truncated>0</truncated>
		<difficult>0</difficult>
		<bndbox>
			<xmin>556</xmin>
			<ymin>97</ymin>
			<xmax>696</xmax>
			<ymax>278</ymax>
		</bndbox>
	</object>
</annotation>
