<annotation>
	<folder>no_mask</folder>
	<filename>N0_Mask087.jpg</filename>
	<path>/home/ashing/Data_Mask/no_mask/N0_Mask087.jpg</path>
	<source>
		<database>Unknown</database>
	</source>
	<size>
		<width>1440</width>
		<height>960</height>
		<depth>3</depth>
	</size>
	<segmented>0</segmented>
	<object>
		<name>No_Mask</name>
		<pose>Unspecified</pose>
		<truncated>0</truncated>
		<difficult>0</difficult>
		<bndbox>
			<xmin>571</xmin>
			<ymin>208</ymin>
			<xmax>751</xmax>
			<ymax>406</ymax>
		</bndbox>
	</object>
	<object>
		<name>No_Mask</name>
		<pose>Unspecified</pose>
		<truncated>0</truncated>
		<difficult>0</difficult>
		<bndbox>
			<xmin>1147</xmin>
			<ymin>293</ymin>
			<xmax>1312</xmax>
			<ymax>470</ymax>
		</bndbox>
	</object>
	<object>
		<name>No_Mask</name>
		<pose>Unspecified</pose>
		<truncated>0</truncated>
		<difficult>0</difficult>
		<bndbox>
			<xmin>89</xmin>
			<ymin>197</ymin>
			<xmax>221</xmax>
			<ymax>359</ymax>
		</bndbox>
	</object>
</annotation>
