<annotation>
	<folder>no_mask</folder>
	<filename>N0_Mask039.jpg</filename>
	<path>/home/ashing/Data_Mask/no_mask/N0_Mask039.jpg</path>
	<source>
		<database>Unknown</database>
	</source>
	<size>
		<width>1024</width>
		<height>682</height>
		<depth>3</depth>
	</size>
	<segmented>0</segmented>
	<object>
		<name>No_Mask</name>
		<pose>Unspecified</pose>
		<truncated>0</truncated>
		<difficult>0</difficult>
		<bndbox>
			<xmin>436</xmin>
			<ymin>129</ymin>
			<xmax>752</xmax>
			<ymax>433</ymax>
		</bndbox>
	</object>
</annotation>
