<annotation>
	<folder>no_mask</folder>
	<filename>N0_Mask138.jpg</filename>
	<path>/home/ashing/Data_Mask/no_mask/N0_Mask138.jpg</path>
	<source>
		<database>Unknown</database>
	</source>
	<size>
		<width>225</width>
		<height>225</height>
		<depth>3</depth>
	</size>
	<segmented>0</segmented>
	<object>
		<name>No_Mask</name>
		<pose>Unspecified</pose>
		<truncated>0</truncated>
		<difficult>0</difficult>
		<bndbox>
			<xmin>43</xmin>
			<ymin>16</ymin>
			<xmax>177</xmax>
			<ymax>223</ymax>
		</bndbox>
	</object>
</annotation>
