<annotation>
	<folder>lady</folder>
	<filename>N0_Mask139.jpg</filename>
	<path>C:\lady\N0_Mask139.jpg</path>
	<source>
		<database>Unknown</database>
	</source>
	<size>
		<width>259</width>
		<height>194</height>
		<depth>3</depth>
	</size>
	<segmented>0</segmented>
	<object>
		<name>No_Mask</name>
		<pose>Unspecified</pose>
		<truncated>0</truncated>
		<difficult>0</difficult>
		<bndbox>
			<xmin>99</xmin>
			<ymin>3</ymin>
			<xmax>245</xmax>
			<ymax>183</ymax>
		</bndbox>
	</object>
</annotation>
