<annotation>
	<folder>lady</folder>
	<filename>N0_Mask222.jpg</filename>
	<path>C:\lady\N0_Mask222.jpg</path>
	<source>
		<database>Unknown</database>
	</source>
	<size>
		<width>960</width>
		<height>540</height>
		<depth>3</depth>
	</size>
	<segmented>0</segmented>
	<object>
		<name>No_Mask</name>
		<pose>Unspecified</pose>
		<truncated>1</truncated>
		<difficult>0</difficult>
		<bndbox>
			<xmin>221</xmin>
			<ymin>3</ymin>
			<xmax>781</xmax>
			<ymax>540</ymax>
		</bndbox>
	</object>
</annotation>
