<annotation>
	<folder>no_mask</folder>
	<filename>N0_Mask075.jpg</filename>
	<path>/home/ashing/Data_Mask/no_mask/N0_Mask075.jpg</path>
	<source>
		<database>Unknown</database>
	</source>
	<size>
		<width>1914</width>
		<height>810</height>
		<depth>3</depth>
	</size>
	<segmented>0</segmented>
	<object>
		<name>No_Mask</name>
		<pose>Unspecified</pose>
		<truncated>0</truncated>
		<difficult>0</difficult>
		<bndbox>
			<xmin>163</xmin>
			<ymin>109</ymin>
			<xmax>355</xmax>
			<ymax>348</ymax>
		</bndbox>
	</object>
	<object>
		<name>No_Mask</name>
		<pose>Unspecified</pose>
		<truncated>0</truncated>
		<difficult>0</difficult>
		<bndbox>
			<xmin>666</xmin>
			<ymin>110</ymin>
			<xmax>880</xmax>
			<ymax>378</ymax>
		</bndbox>
	</object>
	<object>
		<name>No_Mask</name>
		<pose>Unspecified</pose>
		<truncated>0</truncated>
		<difficult>0</difficult>
		<bndbox>
			<xmin>1107</xmin>
			<ymin>128</ymin>
			<xmax>1323</xmax>
			<ymax>425</ymax>
		</bndbox>
	</object>
	<object>
		<name>No_Mask</name>
		<pose>Unspecified</pose>
		<truncated>0</truncated>
		<difficult>0</difficult>
		<bndbox>
			<xmin>1561</xmin>
			<ymin>116</ymin>
			<xmax>1827</xmax>
			<ymax>441</ymax>
		</bndbox>
	</object>
</annotation>
