<annotation>
	<folder>no_mask</folder>
	<filename>N0_Mask097.jpg</filename>
	<path>/home/ashing/Data_Mask/no_mask/N0_Mask097.jpg</path>
	<source>
		<database>Unknown</database>
	</source>
	<size>
		<width>1230</width>
		<height>564</height>
		<depth>3</depth>
	</size>
	<segmented>0</segmented>
	<object>
		<name>No_Mask</name>
		<pose>Unspecified</pose>
		<truncated>0</truncated>
		<difficult>0</difficult>
		<bndbox>
			<xmin>145</xmin>
			<ymin>78</ymin>
			<xmax>243</xmax>
			<ymax>231</ymax>
		</bndbox>
	</object>
	<object>
		<name>No_Mask</name>
		<pose>Unspecified</pose>
		<truncated>0</truncated>
		<difficult>0</difficult>
		<bndbox>
			<xmin>596</xmin>
			<ymin>153</ymin>
			<xmax>678</xmax>
			<ymax>239</ymax>
		</bndbox>
	</object>
	<object>
		<name>No_Mask</name>
		<pose>Unspecified</pose>
		<truncated>0</truncated>
		<difficult>0</difficult>
		<bndbox>
			<xmin>812</xmin>
			<ymin>118</ymin>
			<xmax>880</xmax>
			<ymax>195</ymax>
		</bndbox>
	</object>
	<object>
		<name>No_Mask</name>
		<pose>Unspecified</pose>
		<truncated>0</truncated>
		<difficult>0</difficult>
		<bndbox>
			<xmin>1114</xmin>
			<ymin>152</ymin>
			<xmax>1183</xmax>
			<ymax>244</ymax>
		</bndbox>
	</object>
</annotation>
