<annotation>
	<folder>no_mask</folder>
	<filename>N0_Mask069.jpg</filename>
	<path>/home/ashing/Data_Mask/no_mask/N0_Mask069.jpg</path>
	<source>
		<database>Unknown</database>
	</source>
	<size>
		<width>718</width>
		<height>382</height>
		<depth>3</depth>
	</size>
	<segmented>0</segmented>
	<object>
		<name>No_Mask</name>
		<pose>Unspecified</pose>
		<truncated>0</truncated>
		<difficult>0</difficult>
		<bndbox>
			<xmin>262</xmin>
			<ymin>98</ymin>
			<xmax>316</xmax>
			<ymax>171</ymax>
		</bndbox>
	</object>
	<object>
		<name>No_Mask</name>
		<pose>Unspecified</pose>
		<truncated>0</truncated>
		<difficult>0</difficult>
		<bndbox>
			<xmin>422</xmin>
			<ymin>80</ymin>
			<xmax>486</xmax>
			<ymax>157</ymax>
		</bndbox>
	</object>
</annotation>
